num_eval_points,valid_ratio_all,inside_ratio_valid,top1,top5,pmax_mean,entropy_mean,pmax_top1_correct,pmax_top1_wrong,entropy_top1_correct,entropy_top1_wrong,soft_l1_all,soft_l1_top1_correct,soft_l1_topk_not_top1,soft_l1_topk_wrong,argmax_l1_all,argmax_l1_top1_correct,argmax_l1_topk_not_top1,argmax_l1_topk_wrong,target_candidate_l1_all,target_candidate_l1_top1_correct,soft_axis_l1_all_zyx,soft_axis_l1_top1_correct_zyx,argmax_axis_l1_all_zyx,target_axis_l1_all_zyx,soft_l1_high_conf,soft_l1_low_conf,high_conf_ratio,min_dist2_mean,min_dist2_top1_correct,min_dist2_top1_wrong,candidate_valid_ratio,batch_id
436,0.5677083730697632,1.0,0.6215596199035645,0.8853210806846619,0.46659475564956665,2.505708932876587,0.498812735080719,0.4136791527271271,2.4224162101745605,2.6425111293792725,1.8090342283248901,1.3045421838760376,2.2379183769226074,3.5569474697113037,1.7771097421646118,1.2616620063781738,2.2715468406677246,3.433631420135498,1.4346050024032593,1.2616620063781738,"[0.5234729051589966, 0.7054765224456787, 0.5800848007202148]","[0.2544811964035034, 0.5612723231315613, 0.4887886941432953]","[0.5084112286567688, 0.6908683180809021, 0.5778302550315857]","[0.23584072291851044, 0.6465824842453003, 0.552181601524353]",1.3234763145446777,1.9019004106521606,0.16055046021938324,0.3744865655899048,0.31328248977661133,0.4750097095966339,0.8578457236289978,0
381,0.49609375,1.0,0.7769029140472412,0.9658792614936829,0.5486421585083008,2.1775479316711426,0.5635045766830444,0.4968859553337097,2.1340746879577637,2.3289365768432617,1.4537203311920166,1.2072083950042725,2.084259510040283,3.574387788772583,1.508387565612793,1.243633508682251,2.221177339553833,3.588873863220215,1.3625056743621826,1.243633508682251,"[0.3326480984687805, 0.5485048294067383, 0.5725672841072083]","[0.23892681300640106, 0.4814038872718811, 0.4868776500225067]","[0.32910048961639404, 0.5826982855796814, 0.596588671207428]","[0.23973387479782104, 0.5569889545440674, 0.565782904624939]",1.2210023403167725,1.5873886346817017,0.3648293912410736,0.3759879767894745,0.3177543878555298,0.5787777900695801,0.764241635799408,1
461,0.6002604365348816,1.0,0.876355767250061,0.9934924244880676,0.5479611158370972,2.2455894947052,0.5597076416015625,0.46470481157302856,2.2138030529022217,2.4708831310272217,0.9899696111679077,0.8688926696777344,1.8281493186950684,2.2077581882476807,1.0641154050827026,0.9223718643188477,2.0641393661499023,2.1517932415008545,0.9923350214958191,0.9223718643188477,"[0.23765124380588531, 0.3814586102962494, 0.3708597421646118]","[0.17808140814304352, 0.3495536148548126, 0.34125760197639465]","[0.24323059618473053, 0.42577114701271057, 0.3951135575771332]","[0.1914033591747284, 0.4204104244709015, 0.3805212378501892]",0.7691274285316467,1.094393253326416,0.3210412263870239,0.24616381525993347,0.21429084241390228,0.47207027673721313,0.8493815660476685,2
439,0.5729166865348816,0.9977272748947144,0.7494305372238159,0.9635535478591919,0.5185726881027222,2.3084590435028076,0.556199312210083,0.4060349762439728,2.1944479942321777,2.6494550704956055,1.5194281339645386,1.0927611589431763,2.0288543701171875,7.299886703491211,1.5701618194580078,1.0997785329818726,2.2117319107055664,7.473189830780029,1.2763861417770386,1.0997785329818726,"[0.36715564131736755, 0.6060359477996826, 0.5462365746498108]","[0.21543017029762268, 0.45295754075050354, 0.4243735074996948]","[0.37626487016677856, 0.6307510733604431, 0.5631458759307861]","[0.22648458182811737, 0.5433403253555298, 0.5065611600875854]",1.0067332983016968,1.7645548582077026,0.32346242666244507,0.34427371621131897,0.2758285701274872,0.5489867925643921,0.8178661465644836,3
454,0.5911458730697632,1.0,0.8171806335449219,0.9647576808929443,0.5422242879867554,2.258435010910034,0.5688948035240173,0.42301028966903687,2.1821367740631104,2.5994789600372314,1.3048734664916992,1.0918998718261719,2.0094470977783203,3.292801856994629,1.3625468015670776,1.12074613571167,2.2364678382873535,3.3097541332244873,1.2193169593811035,1.12074613571167,"[0.324579656124115, 0.5261446833610535, 0.4541492164134979]","[0.21356241405010223, 0.472992479801178, 0.4053448736667633]","[0.3227360248565674, 0.5351395606994629, 0.5046710968017578]","[0.22161909937858582, 0.5219022631645203, 0.4757956564426422]",1.0678762197494507,1.460565209388733,0.39647576212882996,0.3297446668148041,0.2792775332927704,0.5553267598152161,0.838245153427124,4
513,0.6692708730697632,0.9980545043945312,0.7115010023117065,0.9278752207756042,0.528165876865387,2.223085880279541,0.5678685307502747,0.4302504360675812,2.1065545082092285,2.5104777812957764,1.937756061553955,1.2949727773666382,2.8005282878875732,5.69041109085083,2.0890166759490967,1.3915618658065796,3.0702707767486572,6.0255513191223145,1.604865312576294,1.3915618658065796,"[0.3467886447906494, 0.7771349549293518, 0.8138324022293091]","[0.19412486255168915, 0.5610473155975342, 0.5398005247116089]","[0.35845744609832764, 0.815405547618866, 0.9151535034179688]","[0.20946544408798218, 0.6998858451843262, 0.695513904094696]",1.33894944190979,2.2959208488464355,0.3742690086364746,0.35350605845451355,0.2809229791164398,0.5325115919113159,0.8559625744819641,5
383,0.4986979365348816,1.0,0.8825065493583679,0.9869451522827148,0.5790745615959167,2.0525214672088623,0.591535210609436,0.48548150062561035,2.0293850898742676,2.2263011932373047,1.1761279106140137,1.0569442510604858,1.986227035522461,2.7521402835845947,1.2216501235961914,1.0888882875442505,2.156398296356201,2.718374013900757,1.1712843179702759,1.0888882875442505,"[0.25676509737968445, 0.5014856457710266, 0.41787704825401306]","[0.19618771970272064, 0.47166886925697327, 0.3890877068042755]","[0.2560183107852936, 0.5300036668777466, 0.435628205537796]","[0.20793867111206055, 0.528442919254303, 0.4349026679992676]",1.0513975620269775,1.3028274774551392,0.5039164423942566,0.29804906249046326,0.26018062233924866,0.5824832916259766,0.7721067070960999,6
489,0.63671875,1.0,0.8139059543609619,0.9795501232147217,0.5301321148872375,2.28419828414917,0.5464593172073364,0.4587230682373047,2.249767541885376,2.434786081314087,1.1411678791046143,0.9178267121315002,1.9196491241455078,3.724454641342163,1.1925445795059204,0.9434268474578857,2.0792391300201416,3.9252052307128906,1.0659157037734985,0.9434268474578857,"[0.3172650933265686, 0.39077699184417725, 0.4331258535385132]","[0.21304765343666077, 0.3167421221733093, 0.38803690671920776]","[0.33444473147392273, 0.40677085518836975, 0.45132896304130554]","[0.22653116285800934, 0.391167014837265, 0.4482174515724182]",0.9372086524963379,1.2229856252670288,0.28629857301712036,0.329710453748703,0.2905632555484772,0.5009254217147827,0.8273764848709106,7
497,0.6484375,0.9979919791221619,0.8390341997146606,0.9637826681137085,0.5516499280929565,2.1654276847839355,0.5778924822807312,0.4148605465888977,2.0851497650146484,2.5838775634765625,1.5077261924743652,1.2574589252471924,2.424936294555664,4.146311283111572,1.559612512588501,1.2766245603561401,2.6406400203704834,4.391963481903076,1.376010537147522,1.2766245603561401,"[0.2850857377052307, 0.6506361961364746, 0.5720042586326599]","[0.21140433847904205, 0.5547862648963928, 0.49126824736595154]","[0.29901331663131714, 0.6619773507118225, 0.5986218452453613]","[0.21368244290351868, 0.6070519685745239, 0.555276095867157]",1.2396576404571533,1.7580628395080566,0.4828973710536957,0.33154919743537903,0.29268303513526917,0.5341392159461975,0.8176054954528809,8
482,0.6276041865348816,1.0,0.8547717928886414,0.9917012453079224,0.5480088591575623,2.1571145057678223,0.564473032951355,0.45110541582107544,2.117894411087036,2.387951612472534,0.8888772130012512,0.7814286947250366,1.4811663627624512,2.1832973957061768,0.9294907450675964,0.8156240582466125,1.5560996532440186,2.318706512451172,0.8671345114707947,0.8156240582466125,"[0.28128162026405334, 0.3193188011646271, 0.288276731967926]","[0.20825812220573425, 0.30173221230506897, 0.2714383006095886]","[0.2729913890361786, 0.3454412519931793, 0.3110581338405609]","[0.21334345638751984, 0.3452063798904419, 0.30858466029167175]",0.7569090127944946,0.9485011696815491,0.31120333075523376,0.28031378984451294,0.23978401720523834,0.518860399723053,0.8644804954528809,9
486,0.6328125,1.0,0.7572016716003418,0.9773662686347961,0.5243462324142456,2.2214608192443848,0.547055184841156,0.4535250961780548,2.1662023067474365,2.3937931060791016,1.2920045852661133,1.0102906227111816,1.9556803703308105,4.2608642578125,1.426155924797058,1.0723097324371338,2.319647789001465,4.572678565979004,1.237464189529419,1.0723097324371338,"[0.32850387692451477, 0.5459151864051819, 0.4175855219364166]","[0.20879574120044708, 0.40577003359794617, 0.395724892616272]","[0.3637242317199707, 0.6132856011390686, 0.4491460621356964]","[0.23022904992103577, 0.5600327253341675, 0.4472023546695709]",1.0052169561386108,1.3923803567886353,0.25925925374031067,0.3476138114929199,0.2902500629425049,0.5265109539031982,0.872467577457428,10
364,0.4739583432674408,1.0,0.7170329689979553,0.9148351550102234,0.4780172109603882,2.427600860595703,0.5076042413711548,0.4030442535877228,2.3375115394592285,2.655885934829712,1.85015869140625,1.2651058435440063,2.535433292388916,5.184319972991943,1.9836024045944214,1.303680181503296,3.0999228954315186,5.115363597869873,1.5488758087158203,1.303680181503296,"[0.3699449896812439, 0.8216463923454285, 0.6585673093795776]","[0.22131004929542542, 0.5356821417808533, 0.5081135034561157]","[0.3916260600090027, 0.8833016157150269, 0.7086746692657471]","[0.22427372634410858, 0.6783948540687561, 0.6462071537971497]",1.1376190185546875,2.007969379425049,0.18131868541240692,0.3777444064617157,0.32434752583503723,0.5130509734153748,0.7809929251670837,11
497,0.6471354365348816,1.0,0.849094569683075,1.0,0.5481438040733337,2.2104711532592773,0.5624666213989258,0.46755459904670715,2.1651389598846436,2.4655425548553467,0.9304536581039429,0.8081250190734863,1.6187564134597778,,1.0086218118667603,0.8626418113708496,1.830003261566162,,0.9258967041969299,0.8626418113708496,"[0.2532672584056854, 0.3193775415420532, 0.3578088879585266]","[0.17589280009269714, 0.28757986426353455, 0.344652384519577]","[0.2754437327384949, 0.34556281566619873, 0.38761523365974426]","[0.19939424097537994, 0.34466153383255005, 0.38184094429016113]",0.7649197578430176,1.000651478767395,0.2977867126464844,0.25530025362968445,0.21920043230056763,0.4584220051765442,0.8050760626792908,12
499,0.6497396230697632,1.0,0.6633266806602478,0.9398797750473022,0.4876232147216797,2.4220492839813232,0.518624484539032,0.42654329538345337,2.331159830093384,2.601123094558716,1.5006242990493774,1.1720126867294312,1.9651750326156616,2.9893722534179688,1.5397874116897583,1.1835992336273193,2.0596323013305664,3.0784409046173096,1.3011882305145264,1.1835992336273193,"[0.4300336539745331, 0.4992150366306305, 0.5713756084442139]","[0.21957093477249146, 0.4379062354564667, 0.514535665512085]","[0.4361288547515869, 0.5194786190986633, 0.5841797590255737]","[0.23503199219703674, 0.5032241344451904, 0.5629320740699768]",1.188415288925171,1.5730876922607422,0.1883767545223236,0.3614408075809479,0.28832754492759705,0.5054913759231567,0.8803434371948242,13
408,0.5338541865348816,0.995121955871582,0.6053921580314636,0.8946078419685364,0.45325466990470886,2.470928192138672,0.5037500262260437,0.3757866322994232,2.3273844718933105,2.6911470890045166,1.9305399656295776,1.3914227485656738,2.0285019874572754,4.7585039138793945,2.0409657955169678,1.3910791873931885,2.3401403427124023,4.953044414520264,1.5237770080566406,1.3910791873931885,"[0.5392275452613831, 0.6391854882240295, 0.7521271109580994]","[0.24613776803016663, 0.5421242713928223, 0.6031607389450073]","[0.5661248564720154, 0.6683710217475891, 0.8064697980880737]","[0.23091186583042145, 0.6320670247077942, 0.660798192024231]",1.3018110990524292,2.06526780128479,0.1764705926179886,0.3764784634113312,0.33777308464050293,0.4358588755130768,0.7929280996322632,14
408,0.5325521230697632,0.9975550174713135,0.6323529481887817,0.8700980544090271,0.4878300726413727,2.396782875061035,0.5365522503852844,0.4040277600288391,2.2526803016662598,2.644639015197754,2.1780476570129395,1.323122501373291,2.7098429203033447,5.366474151611328,2.3266820907592773,1.356119990348816,3.1049816608428955,5.626869201660156,1.6134589910507202,1.356119990348816,"[0.4414747953414917, 0.9131009578704834, 0.8234721422195435]","[0.22112593054771423, 0.5501284599304199, 0.5518680810928345]","[0.47293713688850403, 0.993035614490509, 0.8607094287872314]","[0.2296062558889389, 0.718110203742981, 0.6657426953315735]",1.4983123540878296,2.4480795860290527,0.28431373834609985,0.39154309034347534,0.33038854598999023,0.49672892689704895,0.7965186834335327,15
381,0.49609375,1.0,0.7821522355079651,0.9895012974739075,0.5366206765174866,2.22367000579834,0.5547779202461243,0.47142940759658813,2.164797782897949,2.435042381286621,1.1783400774002075,0.9515506625175476,1.9765315055847168,2.309880018234253,1.2097511291503906,0.9738645553588867,2.0402395725250244,2.3811466693878174,1.0910941362380981,0.9738645553588867,"[0.3439640998840332, 0.4169374108314514, 0.4174386262893677]","[0.2288236767053604, 0.34070321917533875, 0.38202381134033203]","[0.3461810350418091, 0.43640372157096863, 0.4271664023399353]","[0.2285274714231491, 0.43640372157096863, 0.426162987947464]",1.0189824104309082,1.2397652864456177,0.278215229511261,0.3408651351928711,0.3061738610267639,0.46541935205459595,0.7575889229774475,16
463,0.6028646230697632,1.0,0.8747300505638123,0.9654427766799927,0.561115562915802,2.137476682662964,0.5806419849395752,0.4247671067714691,2.0842888355255127,2.508876085281372,1.3916516304016113,1.1922869682312012,2.33705472946167,3.956390142440796,1.407915711402893,1.2026418447494507,2.3993635177612305,4.001362323760986,1.2880516052246094,1.2026418447494507,"[0.269265741109848, 0.605925977230072, 0.5164599418640137]","[0.19693554937839508, 0.5258508920669556, 0.4695005416870117]","[0.27507176995277405, 0.615780770778656, 0.5170631408691406]","[0.20277631282806396, 0.5719768404960632, 0.5132984519004822]",1.0918307304382324,1.6216670274734497,0.43412527441978455,0.2990071177482605,0.26450467109680176,0.5399292707443237,0.8833816051483154,17
479,0.6236979365348816,1.0,0.7098121047019958,0.9081419706344604,0.5019146203994751,2.36379337310791,0.5332698225975037,0.42521852254867554,2.267784357070923,2.598634958267212,1.7444651126861572,1.283778190612793,2.1962015628814697,4.328978061676025,1.8031272888183594,1.2706975936889648,2.392882823944092,4.644020080566406,1.479067087173462,1.2706975936889648,"[0.383114218711853, 0.6625317335128784, 0.6988190412521362]","[0.24457862973213196, 0.5118095278739929, 0.5273900032043457]","[0.3796002268791199, 0.6992648243904114, 0.7242622375488281]","[0.2347666174173355, 0.6125458478927612, 0.6317546367645264]",1.2787030935287476,1.8950014114379883,0.24425886571407318,0.37622198462486267,0.3113940954208374,0.5347936749458313,0.8070895671844482,18
433,0.5638021230697632,1.0,0.8775981664657593,0.9815242290496826,0.5902736783027649,2.039180278778076,0.6024827361106873,0.502737283706665,2.0005390644073486,2.316232204437256,1.1387889385223389,0.999500036239624,1.775177001953125,4.175332069396973,1.18722403049469,1.0475594997406006,1.8837287425994873,3.9034550189971924,1.1099833250045776,1.0475594997406006,"[0.26255446672439575, 0.4585055410861969, 0.41772890090942383]","[0.20227232575416565, 0.4040815830230713, 0.3931460976600647]","[0.26136454939842224, 0.4821196496486664, 0.4437398910522461]","[0.21071770787239075, 0.47140005230903625, 0.427865594625473]",1.0014979839324951,1.3095134496688843,0.5542725324630737,0.29986706376075745,0.26208817958831787,0.5707347393035889,0.8045607805252075,19
494,0.6432291865348816,1.0,0.9109311699867249,0.97773277759552,0.5652737617492676,2.0778567790985107,0.5796267986297607,0.4184812903404236,2.033839225769043,2.5280356407165527,1.4837713241577148,1.2960205078125,2.868607759475708,5.009976387023926,1.455378770828247,1.2565456628799438,3.1559596061706543,4.487712860107422,1.3350638151168823,1.2565456628799438,"[0.18246318399906158, 0.7175009250640869, 0.5838072299957275]","[0.1573176085948944, 0.5924317836761475, 0.5462710857391357]","[0.19043000042438507, 0.71038818359375, 0.5545605421066284]","[0.169778510928154, 0.6206992864608765, 0.5445858240127563]",1.1555993556976318,1.751617431640625,0.449392706155777,0.2427060306072235,0.21423852443695068,0.5338509678840637,0.7448777556419373,20
471,0.61328125,1.0,0.8492568731307983,0.993630588054657,0.5727477073669434,2.0784740447998047,0.592392086982727,0.46207475662231445,2.020944356918335,2.4025819301605225,1.0101896524429321,0.8631221055984497,1.7592437267303467,3.640638828277588,1.0833998918533325,0.8983203768730164,2.0444564819335938,3.976698637008667,0.9916395545005798,0.8983203768730164,"[0.3033745586872101, 0.39598315954208374, 0.3108319938182831]","[0.22404666244983673, 0.34531378746032715, 0.29376158118247986]","[0.30810388922691345, 0.4358382821083069, 0.3394577205181122]","[0.222172811627388, 0.43000903725624084, 0.3394577205181122]",0.8134238719940186,1.1566706895828247,0.42675158381462097,0.31515517830848694,0.2884283661842346,0.4657285213470459,0.7142578959465027,21
429,0.55859375,1.0,0.6620046496391296,0.9277389049530029,0.5174752473831177,2.2535347938537598,0.5546634197235107,0.4446377456188202,2.1419787406921387,2.472029447555542,1.7490997314453125,1.2616058588027954,2.173532247543335,4.654351711273193,1.8677961826324463,1.288098931312561,2.4491894245147705,5.040545463562012,1.4551481008529663,1.288098931312561,"[0.4326370656490326, 0.6665740609169006, 0.6498885750770569]","[0.22967246174812317, 0.5108674764633179, 0.5210660099983215]","[0.46561890840530396, 0.7233761548995972, 0.6788012981414795]","[0.23650726675987244, 0.6276476979255676, 0.5909931659698486]",1.3238255977630615,1.9595139026641846,0.3310023248195648,0.38013383746147156,0.3303341865539551,0.4776723384857178,0.726141631603241,22
506,0.6588541865348816,1.0,0.8023715615272522,0.95652174949646,0.5722633600234985,2.0618603229522705,0.6015877723693848,0.4532061815261841,1.9782377481460571,2.401366710662842,1.4941459894180298,1.1206399202346802,2.2745630741119385,5.620092391967773,1.5548827648162842,1.1470634937286377,2.5023515224456787,5.721792221069336,1.2881288528442383,1.1470634937286377,"[0.30342188477516174, 0.66214519739151, 0.5285788178443909]","[0.2034773826599121, 0.48925161361694336, 0.4279109835624695]","[0.31229808926582336, 0.6746019124984741, 0.5679827332496643]","[0.21795818209648132, 0.573661744594574, 0.4965088963508606]",1.0603185892105103,1.9526622295379639,0.5138339996337891,0.33048978447914124,0.2776956856250763,0.5448338985443115,0.7141753435134888,23
347,0.4518229365348816,1.0,0.8443803787231445,0.9596541523933411,0.5514752864837646,2.1285290718078613,0.569959819316864,0.4511798620223999,2.079017162322998,2.3971781730651855,1.3390161991119385,1.1434675455093384,2.1691722869873047,3.0596976280212402,1.4822721481323242,1.2305947542190552,2.689392566680908,3.3006083965301514,1.3300138711929321,1.2305947542190552,"[0.2874442934989929, 0.509200394153595, 0.5423715710639954]","[0.1938854604959488, 0.44982612133026123, 0.49975594878196716]","[0.31285807490348816, 0.5661702752113342, 0.6032439470291138]","[0.215281143784523, 0.5286731123924255, 0.5860595703125]",1.1569055318832397,1.4521971940994263,0.3832853138446808,0.3268590271472931,0.27976369857788086,0.5823948383331299,0.7252747416496277,24
471,0.61328125,1.0,0.8513800501823425,0.9893842935562134,0.5837398171424866,2.0686392784118652,0.594572901725769,0.5216813087463379,2.038201332092285,2.243004560470581,1.217798113822937,1.0894193649291992,1.8281126022338867,3.579686403274536,1.2454326152801514,1.0943899154663086,1.9972572326660156,3.585331678390503,1.173031210899353,1.0943899154663086,"[0.27380508184432983, 0.4997904896736145, 0.4442025423049927]","[0.20840761065483093, 0.4472619891166687, 0.4337497353553772]","[0.2834203243255615, 0.5164799690246582, 0.44553226232528687]","[0.22525110840797424, 0.5040674805641174, 0.4437125325202942]",1.1072391271591187,1.3215323686599731,0.48407644033432007,0.3328588902950287,0.2943432629108429,0.5534984469413757,0.6982287168502808,25
440,0.5729166865348816,1.0,0.706818163394928,0.9386363625526428,0.4913051128387451,2.342280626296997,0.5121888518333435,0.4409574270248413,2.2952778339385986,2.4555978775024414,1.551539659500122,1.2327848672866821,2.0628674030303955,3.291440963745117,1.6083968877792358,1.2222329378128052,2.3045051097869873,3.4266915321350098,1.343328595161438,1.2222329378128052,"[0.433025598526001, 0.5021253824234009, 0.616388738155365]","[0.23450185358524323, 0.45548877120018005, 0.5427942872047424]","[0.45845460891723633, 0.5093502402305603, 0.640592098236084]","[0.23285813629627228, 0.50606769323349, 0.6044027209281921]",1.3843685388565063,1.607940912246704,0.25227272510528564,0.3600631654262543,0.3236735463142395,0.447793185710907,0.7296915650367737,26
432,0.5625,1.0,0.8125,0.9675925970077515,0.5475755929946899,2.1629855632781982,0.5683631300926208,0.45749616622924805,2.0982348918914795,2.443570852279663,1.2176098823547363,0.9826313853263855,1.8700661659240723,3.9863834381103516,1.2915037870407104,1.0297377109527588,2.0167484283447266,4.3835368156433105,1.1392030715942383,1.0297377109527588,"[0.3458608090877533, 0.43182051181793213, 0.43992841243743896]","[0.21988743543624878, 0.3594454526901245, 0.4032984972000122]","[0.347294420003891, 0.46919503808021545, 0.47501426935195923]","[0.23178669810295105, 0.45129865407943726, 0.45611774921417236]",0.9241501092910767,1.3689731359481812,0.3402777910232544,0.3401605188846588,0.2962943911552429,0.5302470922470093,0.7338799834251404,27
395,0.5143229365348816,1.0,0.6936708688735962,0.903797447681427,0.5159188508987427,2.264965772628784,0.5554566979408264,0.42638668417930603,2.1438772678375244,2.539165735244751,1.9155981540679932,1.42360520362854,2.6134541034698486,3.9388604164123535,2.0155653953552246,1.4613523483276367,2.890390396118164,4.1009297370910645,1.6760575771331787,1.4613523483276367,"[0.4023238718509674, 0.7610498666763306, 0.752224326133728]","[0.22321169078350067, 0.6075533032417297, 0.5928402543067932]","[0.4166899621486664, 0.7932637333869934, 0.8056115508079529]","[0.23142294585704803, 0.7281048893928528, 0.7165297865867615]",1.4554929733276367,2.1361727714538574,0.324050635099411,0.4030696749687195,0.3223917484283447,0.5857617259025574,0.7307999730110168,28
368,0.4791666865348816,1.0,0.695652186870575,0.904891312122345,0.49640291929244995,2.328089714050293,0.5415412187576294,0.3932296931743622,2.194735527038574,2.632899045944214,1.9088363647460938,1.4224319458007812,2.4204952716827393,4.340886116027832,2.0000221729278564,1.4014770984649658,2.8626677989959717,4.480132102966309,1.6107757091522217,1.4014770984649658,"[0.3947276175022125, 0.7776137590408325, 0.7364950180053711]","[0.20951804518699646, 0.606430172920227, 0.6064837574958801]","[0.4281170666217804, 0.8060098886489868, 0.7658953666687012]","[0.22248007357120514, 0.694625973701477, 0.6936696767807007]",1.445464849472046,2.091376543045044,0.28260868787765503,0.3700674772262573,0.2925817370414734,0.5471777319908142,0.7384438514709473,29
392,0.5104166865348816,1.0,0.7219387888908386,0.9617347121238708,0.5189573764801025,2.3151748180389404,0.5463740229606628,0.44777482748031616,2.23996901512146,2.510434150695801,1.2838791608810425,0.9976653456687927,1.9152040481567383,2.7274749279022217,1.349663496017456,1.0181710720062256,2.1096818447113037,2.8410403728485107,1.1524688005447388,1.0181710720062256,"[0.40279361605644226, 0.4484825134277344, 0.43260300159454346]","[0.23847222328186035, 0.35458871722221375, 0.4046044945716858]","[0.42049065232276917, 0.4669385552406311, 0.4622343182563782]","[0.23650135099887848, 0.46467825770378113, 0.4512890577316284]",1.0315967798233032,1.3798174858093262,0.27551019191741943,0.3583230674266815,0.3274528682231903,0.43847230076789856,0.7460184097290039,30
517,0.6731771230697632,1.0,0.7794970870018005,0.9825918674468994,0.549034833908081,2.1598894596099854,0.5702937245368958,0.47388291358947754,2.11222767829895,2.3283779621124268,1.1522246599197388,0.9203144907951355,1.8089959621429443,3.874317169189453,1.2074496746063232,0.9574786424636841,1.9190442562103271,4.09866189956665,1.0702126026153564,0.9574786424636841,"[0.3477223515510559, 0.3929649591445923, 0.4115374684333801]","[0.22078150510787964, 0.32683292031288147, 0.37270012497901917]","[0.35964033007621765, 0.4149591326713562, 0.432850182056427]","[0.2336985319852829, 0.41195541620254517, 0.4245586693286896]",0.8850945234298706,1.3074380159378052,0.3675048351287842,0.34226295351982117,0.29712334275245667,0.501835286617279,0.7118210792541504,31
442,0.5755208730697632,1.0,0.6085972785949707,0.8981900215148926,0.4470869302749634,2.5518221855163574,0.4827795624732971,0.39158788323402405,2.4586198329925537,2.6967437267303467,1.837537169456482,1.1900838613510132,2.288036823272705,4.42644739151001,1.9185060262680054,1.2078574895858765,2.4903573989868164,4.540005207061768,1.461330533027649,1.2078574895858765,"[0.5750299692153931, 0.7341787815093994, 0.5283283591270447]","[0.25653722882270813, 0.5045321583747864, 0.4290144741535187]","[0.5924497842788696, 0.7685313820838928, 0.5575249195098877]","[0.23579718172550201, 0.6907829642295837, 0.5347504019737244]",1.4836586713790894,1.8806490898132324,0.1085972860455513,0.38608425855636597,0.3438159227371216,0.45180779695510864,0.722755491733551,32
456,0.59375,1.0,0.8333333134651184,0.9780701994895935,0.5312831401824951,2.237330436706543,0.5485568046569824,0.4449150264263153,2.1886706352233887,2.4806296825408936,1.243895173072815,1.0585339069366455,1.862701654434204,4.203505516052246,1.254922866821289,1.0562257766723633,2.01814866065979,3.7681236267089844,1.1317541599273682,1.0562257766723633,"[0.2972009479999542, 0.4978716969490051, 0.448822557926178]","[0.22552089393138885, 0.4380914270877838, 0.39492157101631165]","[0.2888769209384918, 0.5016354918479919, 0.4644104540348053]","[0.2277057021856308, 0.4644984304904938, 0.4395500123500824]",0.9616876244544983,1.370216727256775,0.30921053886413574,0.3350067734718323,0.29186421632766724,0.550719678401947,0.7214832901954651,33
457,0.5950521230697632,1.0,0.8708971738815308,0.9803063273429871,0.5710821747779846,2.042271375656128,0.5929992198944092,0.42323464155197144,1.9807884693145752,2.4570207595825195,1.3335565328598022,1.1731125116348267,2.0231876373291016,4.597458362579346,1.3572304248809814,1.153700828552246,2.2581987380981445,5.352381229400635,1.221558928489685,1.153700828552246,"[0.2789641320705414, 0.5188036561012268, 0.5357886552810669]","[0.20251069962978363, 0.47770997881889343, 0.492891788482666]","[0.27911487221717834, 0.5465465188026428, 0.5315690636634827]","[0.19908379018306732, 0.5155279636383057, 0.5069471001625061]",1.1201122999191284,1.546068549156189,0.49890589714050293,0.296265572309494,0.2558950185775757,0.5685960650444031,0.7200735807418823,34
471,0.61328125,1.0,0.8747345805168152,0.9893842935562134,0.5493524670600891,2.168423891067505,0.564817488193512,0.44135963916778564,2.129002332687378,2.443706512451172,0.9888938665390015,0.875272274017334,1.713496446609497,2.5255990028381348,1.0670421123504639,0.94292813539505,1.85491943359375,2.784942388534546,0.9990352392196655,0.94292813539505,"[0.2616299092769623, 0.35099366307258606, 0.3762703537940979]","[0.1966564953327179, 0.3316686451435089, 0.34694719314575195]","[0.27433547377586365, 0.38694867491722107, 0.4057578444480896]","[0.21139675378799438, 0.38518744707107544, 0.4024510085582733]",0.9207231402397156,1.0366379022598267,0.41188958287239075,0.2876521348953247,0.25283998250961304,0.53074711561203,0.7226084470748901,35
566,0.7369791865348816,1.0,0.7385159134864807,0.9399293065071106,0.5301973223686218,2.2266645431518555,0.5598576068878174,0.44642674922943115,2.1384096145629883,2.475924253463745,2.0550122261047363,1.5023834705352783,3.179453134536743,5.07891321182251,2.1969432830810547,1.5155187845230103,3.7448983192443848,5.384253025054932,1.7361164093017578,1.5155187845230103,"[0.2651291489601135, 0.9297747611999512, 0.8601086139678955]","[0.19323571026325226, 0.677497923374176, 0.6316499710083008]","[0.2662452757358551, 1.0058839321136475, 0.924813985824585]","[0.19200409948825836, 0.8063029646873474, 0.7378094792366028]",1.6258784532546997,2.2650623321533203,0.32862189412117004,0.32511013746261597,0.25589078664779663,0.5206080079078674,0.7391098141670227,36
476,0.6197916865348816,1.0,0.7941176295280457,0.9684873819351196,0.538634717464447,2.2195096015930176,0.5621625781059265,0.4478842616081238,2.1552391052246094,2.467410087585449,1.2379164695739746,0.9923479557037354,1.807658314704895,4.273669719696045,1.3169851303100586,1.0461595058441162,2.029517650604248,4.19911003112793,1.1538310050964355,1.0461595058441162,"[0.34432315826416016, 0.4402755796909332, 0.453317791223526]","[0.2264818400144577, 0.37820038199424744, 0.3876657783985138]","[0.3535887897014618, 0.48903214931488037, 0.4743642210960388]","[0.23211592435836792, 0.470639169216156, 0.4510759115219116]",0.9759916067123413,1.3526568412780762,0.3046218454837799,0.34899401664733887,0.31633245944976807,0.4749741852283478,0.723940372467041,37
358,0.4661458432674408,1.0,0.7541899681091309,0.9776536226272583,0.5390641689300537,2.233751058578491,0.5620775818824768,0.4684548079967499,2.172792673110962,2.4207828044891357,1.1071161031723022,0.8882147669792175,1.698886752128601,2.5773324966430664,1.1786116361618042,0.9249411821365356,1.8633540868759155,2.8925633430480957,1.0531015396118164,0.9249411821365356,"[0.34710124135017395, 0.3804806172847748, 0.3795343339443207]","[0.21897263824939728, 0.3275142014026642, 0.3417280316352844]","[0.3609692454338074, 0.4171690046787262, 0.40047329664230347]","[0.23864097893238068, 0.4171690046787262, 0.3972916305065155]",0.9681667685508728,1.1632411479949951,0.287709504365921,0.34587740898132324,0.298592746257782,0.4909552335739136,0.7445513606071472,38
448,0.5833333730697632,1.0,0.7254464030265808,0.9308035969734192,0.512784481048584,2.358302116394043,0.5422524213790894,0.43492192029953003,2.2693848609924316,2.593245506286621,1.5838963985443115,1.058022141456604,1.9787684679031372,5.925215244293213,1.63957941532135,1.085140347480774,2.114769220352173,6.042006015777588,1.2159171104431152,1.085140347480774,"[0.3862016499042511, 0.4964311122894287, 0.7012636065483093]","[0.20113445818424225, 0.3717315196990967, 0.4851561486721039]","[0.3971460163593292, 0.5180743932723999, 0.7243589758872986]","[0.21842004358768463, 0.43434011936187744, 0.5631569623947144]",1.0541703701019287,1.8028053045272827,0.2924107015132904,0.3237239718437195,0.26287516951560974,0.48450326919555664,0.830976665019989,39
460,0.5989583730697632,1.0,0.8804348111152649,0.967391312122345,0.5683106780052185,2.1394264698028564,0.5841327905654907,0.45180198550224304,2.091407060623169,2.4930243492126465,1.2928752899169922,1.1214431524276733,2.256497621536255,3.3518881797790527,1.3129112720489502,1.1198023557662964,2.427570104598999,3.5544304847717285,1.2172274589538574,1.1198023557662964,"[0.24292796850204468, 0.44406500458717346, 0.6058823466300964]","[0.1959814727306366, 0.39718517661094666, 0.5282765030860901]","[0.24284972250461578, 0.4679718613624573, 0.6020896434783936]","[0.1951541304588318, 0.44263026118278503, 0.5794432163238525]",1.1057978868484497,1.4556174278259277,0.46521738171577454,0.28117695450782776,0.2370133101940155,0.6063819527626038,0.9124698638916016,40
460,0.6015625,0.9956709742546082,0.7239130139350891,0.9434782862663269,0.5166316628456116,2.295197010040283,0.5505258440971375,0.42775991559028625,2.196601152420044,2.5537195205688477,1.4389435052871704,1.0827281475067139,2.058696985244751,3.593736410140991,1.541304588317871,1.12566077709198,2.3167805671691895,3.85231614112854,1.2682793140411377,1.12566077709198,"[0.4008379578590393, 0.5399621725082397, 0.4981433153152466]","[0.2234344482421875, 0.4401019215583801, 0.41919180750846863]","[0.4110669791698456, 0.5815255045890808, 0.5487119555473328]","[0.2249462902545929, 0.5428569316864014, 0.5004761219024658]",1.015617847442627,1.654076099395752,0.33695653080940247,0.3411813974380493,0.2755121886730194,0.5133692026138306,0.8863935470581055,41
466,0.6067708730697632,1.0,0.8712446093559265,0.9828326106071472,0.5765339136123657,2.0920445919036865,0.6001946330070496,0.41642963886260986,2.024660348892212,2.548011302947998,1.1146924495697021,1.0080788135528564,1.6307982206344604,3.1706433296203613,1.143269419670105,1.0171384811401367,1.7931510210037231,3.320176124572754,1.068252682685852,1.0171384811401367,"[0.256893128156662, 0.4097689390182495, 0.44803038239479065]","[0.1918114721775055, 0.3752978444099426, 0.4409695863723755]","[0.2639226019382477, 0.4233945906162262, 0.45595216751098633]","[0.20609547197818756, 0.4063462018966675, 0.45581093430519104]",0.9998224973678589,1.2431378364562988,0.5278970003128052,0.2815718948841095,0.24175330996513367,0.5510109066963196,0.9087429642677307,42
445,0.5794271230697632,1.0,0.8269662857055664,0.9797753095626831,0.5371199250221252,2.2271578311920166,0.5592619776725769,0.4312981367111206,2.169151544570923,2.5043818950653076,1.3028583526611328,1.088035225868225,2.071197032928467,4.2815093994140625,1.3363772630691528,1.0890172719955444,2.283695697784424,4.2931389808654785,1.1890501976013184,1.0890172719955444,"[0.32043299078941345, 0.46283015608787537, 0.5195951461791992]","[0.21911588311195374, 0.3994101285934448, 0.4695093035697937]","[0.3166141211986542, 0.5031670331954956, 0.5165961384773254]","[0.20988160371780396, 0.4838253855705261, 0.49534323811531067]",1.064194679260254,1.4205883741378784,0.3303370773792267,0.3062570095062256,0.26757797598838806,0.4911128580570221,0.7920743823051453,43
480,0.625,1.0,0.7583333253860474,0.9520833492279053,0.521428108215332,2.310614585876465,0.5498262643814087,0.43231701850891113,2.224324941635132,2.5813844203948975,1.4484418630599976,1.1452808380126953,2.1687028408050537,3.3339343070983887,1.5144685506820679,1.1898324489593506,2.3330180644989014,3.3423988819122314,1.3343000411987305,1.1898324489593506,"[0.33638641238212585, 0.46590909361839294, 0.646146297454834]","[0.19865663349628448, 0.40247321128845215, 0.5441509485244751]","[0.3481733500957489, 0.49034813046455383, 0.6759470105171204]","[0.21430166065692902, 0.47737836837768555, 0.6426201462745667]",1.1610777378082275,1.5841902494430542,0.32083332538604736,0.3319205045700073,0.2663500905036926,0.5376759171485901,0.8655613660812378,44
475,0.6184896230697632,1.0,0.8189473748207092,0.9663158059120178,0.5315144658088684,2.2607674598693848,0.5583587288856506,0.41009101271629333,2.181546211242676,2.6191065311431885,1.2111440896987915,0.9845412969589233,1.830875039100647,4.009103775024414,1.262024998664856,0.9904650449752808,2.1319894790649414,4.058233261108398,1.128517985343933,0.9904650449752808,"[0.2899806499481201, 0.42723849415779114, 0.49392491579055786]","[0.20327115058898926, 0.37421438097953796, 0.40705570578575134]","[0.2893553078174591, 0.44854506850242615, 0.5241246223449707]","[0.2085876315832138, 0.4402787387371063, 0.4796516001224518]",0.907358705997467,1.3743427991867065,0.3494736850261688,0.3051482141017914,0.2416466623544693,0.5923818945884705,0.8784411549568176,45
487,0.6341146230697632,1.0,0.7885010242462158,0.9856262803077698,0.5567301511764526,2.169482707977295,0.5774264335632324,0.4795711934566498,2.1221656799316406,2.3458893299102783,1.1093336343765259,0.8803035020828247,1.8506975173950195,3.5059986114501953,1.1634045839309692,0.9007706642150879,2.036777973175049,3.593061923980713,1.023111343383789,0.9007706642150879,"[0.33368098735809326, 0.3789147734642029, 0.3967379331588745]","[0.2113708257675171, 0.3290725350379944, 0.339860200881958]","[0.3495402932167053, 0.40333443880081177, 0.41052988171577454]","[0.22552326321601868, 0.3922382593154907, 0.4053497910499573]",0.8772412538528442,1.2552646398544312,0.3860369622707367,0.3190629780292511,0.2754245698451996,0.4817536771297455,0.8691388368606567,46
425,0.5533854365348816,1.0,0.8141176700592041,0.9694117903709412,0.5407789945602417,2.2024123668670654,0.5628654956817627,0.4440458416938782,2.148606538772583,2.438070058822632,1.139479398727417,0.934280276298523,1.8452463150024414,3.017810583114624,1.2227166891098022,0.9757353067398071,2.180129051208496,2.9355099201202393,1.1042777299880981,0.9757353067398071,"[0.294066846370697, 0.3735412359237671, 0.4718713164329529]","[0.20229357481002808, 0.3261987566947937, 0.4057879149913788]","[0.316890150308609, 0.4016088843345642, 0.5042175650596619]","[0.21856600046157837, 0.4016088843345642, 0.48410284519195557]",0.9220594763755798,1.2417947053909302,0.3199999928474426,0.31158876419067383,0.26525136828422546,0.5145347714424133,0.7881191372871399,47
819,0.639843761920929,1.0,0.8571428656578064,0.9841269850730896,0.5753083229064941,2.085068702697754,0.5896199345588684,0.4894382655620575,2.0530855655670166,2.276965618133545,0.9567131996154785,0.80405193567276,1.7656996250152588,2.7285287380218506,0.9934157729148865,0.8370822668075562,1.8337441682815552,2.7127957344055176,0.9190653562545776,0.8370822668075562,"[0.27224281430244446, 0.30851277709007263, 0.3759576380252838]","[0.18972182273864746, 0.2803210914134979, 0.334009051322937]","[0.2684915065765381, 0.3321596384048462, 0.3927646577358246]","[0.2055746167898178, 0.3314238488674164, 0.38206687569618225]",0.8011392951011658,1.0995349884033203,0.47863247990608215,0.2729252576828003,0.22094270586967468,0.5848204493522644,0.8829495310783386,48
811,0.633593738079071,1.0,0.8409371376037598,0.9654747247695923,0.5664175748825073,2.1233320236206055,0.5850979089736938,0.46765804290771484,2.074118137359619,2.383516788482666,1.2973425388336182,1.0787452459335327,1.891759991645813,4.47760009765625,1.3308658599853516,1.0930798053741455,2.058497667312622,4.497986793518066,1.1920799016952515,1.0930798053741455,"[0.2902574837207794, 0.5560523867607117, 0.4510326087474823]","[0.19775545597076416, 0.48566004633903503, 0.39532971382141113]","[0.28897231817245483, 0.5737053751945496, 0.46818816661834717]","[0.20798525214195251, 0.5324739813804626, 0.4516206681728363]",1.056625247001648,1.4856840372085571,0.43896424770355225,0.3053185045719147,0.2511216402053833,0.5918476581573486,0.8759362101554871,49
