epoch,loss,match,kl,ce,coord,disp,smooth,z_spacing,top1,top5,pmax,ent,inside_valid,cand_valid,inside_all,valid_inside_all,valid,pred_mag,gt_mag
393,1.9608,1.1037,0.575,1.2359,1.4604,1.4604,1.5193,1.6256,0.716,0.963,0.402,1.909,1.0,0.802,0.998,0.568,0.568,2.235,2.581
394,1.9591,1.1059,0.5884,1.2353,1.454,1.454,1.5173,1.6225,0.714,0.962,0.404,1.893,1.0,0.802,0.998,0.568,0.568,2.24,2.581
395,1.9571,1.1068,0.5928,1.2353,1.4498,1.4498,1.5148,1.6237,0.715,0.962,0.404,1.889,1.0,0.802,0.998,0.568,0.568,2.241,2.581
396,1.9568,1.1075,0.5971,1.2351,1.4484,1.4484,1.5154,1.6243,0.715,0.962,0.404,1.885,1.0,0.802,0.998,0.568,0.568,2.243,2.581
397,1.9556,1.1074,0.5999,1.2343,1.4467,1.4467,1.514,1.6244,0.714,0.962,0.405,1.882,1.0,0.802,0.998,0.568,0.568,2.244,2.581
398,1.9559,1.1086,0.6024,1.2352,1.4454,1.4454,1.5137,1.624,0.715,0.961,0.405,1.88,1.0,0.802,0.998,0.568,0.568,2.247,2.581
399,1.9555,1.1088,0.6026,1.2353,1.4444,1.4444,1.5149,1.6241,0.714,0.962,0.405,1.879,1.0,0.802,0.998,0.568,0.568,2.247,2.581
400,1.955,1.1087,0.6043,1.2348,1.4439,1.4439,1.5144,1.6238,0.714,0.962,0.405,1.877,1.0,0.802,0.998,0.568,0.568,2.249,2.581
401,1.9542,1.1084,0.6044,1.2343,1.443,1.443,1.5142,1.6239,0.714,0.962,0.405,1.876,1.0,0.802,0.998,0.568,0.568,2.25,2.581
402,1.9523,1.1075,0.6046,1.2332,1.4414,1.4414,1.5123,1.624,0.715,0.962,0.405,1.875,1.0,0.802,0.998,0.568,0.568,2.249,2.581
403,1.9513,1.1081,0.6053,1.2339,1.4389,1.4389,1.512,1.6241,0.715,0.962,0.405,1.875,1.0,0.802,0.998,0.568,0.568,2.252,2.581
404,1.9505,1.1081,0.6062,1.2336,1.4378,1.4378,1.5122,1.624,0.715,0.962,0.405,1.873,1.0,0.802,0.998,0.568,0.568,2.255,2.581
405,1.9495,1.1082,0.6066,1.2335,1.4362,1.4362,1.5114,1.6238,0.715,0.962,0.405,1.873,1.0,0.802,0.998,0.568,0.568,2.258,2.581
406,1.9491,1.1073,0.6065,1.2325,1.4369,1.4369,1.5112,1.6245,0.715,0.963,0.406,1.872,1.0,0.802,0.998,0.568,0.568,2.254,2.581
407,1.9456,1.1074,0.6066,1.2326,1.4318,1.4318,1.5116,1.6259,0.717,0.962,0.405,1.873,1.0,0.802,0.998,0.568,0.568,2.263,2.581
408,1.9459,1.1074,0.607,1.2325,1.4317,1.4317,1.5096,1.6241,0.717,0.962,0.405,1.871,1.0,0.802,0.998,0.568,0.568,2.261,2.581
409,1.9438,1.1064,0.6065,1.2314,1.4299,1.4299,1.5076,1.6241,0.718,0.962,0.405,1.871,1.0,0.802,0.998,0.568,0.568,2.26,2.581
410,1.9435,1.1062,0.6075,1.2309,1.4298,1.4298,1.5066,1.6244,0.718,0.962,0.406,1.869,1.0,0.802,0.998,0.568,0.568,2.259,2.581
411,1.945,1.1072,0.6075,1.2321,1.4305,1.4305,1.5053,1.6234,0.717,0.962,0.406,1.87,1.0,0.802,0.998,0.568,0.568,2.257,2.581
412,1.9513,1.1119,0.6092,1.2375,1.4333,1.4333,1.5148,1.6237,0.715,0.962,0.405,1.871,1.0,0.802,0.998,0.568,0.568,2.263,2.581
413,1.9477,1.1071,0.6072,1.232,1.4344,1.4344,1.5041,1.624,0.716,0.963,0.406,1.868,1.0,0.802,0.998,0.568,0.568,2.245,2.581
414,1.9494,1.1102,0.6091,1.2355,1.4325,1.4325,1.5075,1.6236,0.716,0.962,0.406,1.869,1.0,0.802,0.998,0.568,0.568,2.253,2.581
415,1.9467,1.1075,0.607,1.2326,1.4322,1.4322,1.5044,1.6243,0.716,0.962,0.406,1.87,1.0,0.802,0.998,0.568,0.568,2.247,2.581
416,1.942,1.1061,0.6073,1.2308,1.427,1.427,1.5038,1.6232,0.717,0.962,0.406,1.867,1.0,0.802,0.998,0.568,0.568,2.255,2.581
417,1.9391,1.1059,0.6069,1.2307,1.4234,1.4234,1.5047,1.624,0.719,0.962,0.405,1.868,1.0,0.802,0.998,0.568,0.568,2.264,2.581
418,1.9393,1.1062,0.6074,1.231,1.4231,1.4231,1.5032,1.6227,0.718,0.962,0.406,1.867,1.0,0.802,0.998,0.568,0.568,2.264,2.581
419,1.9386,1.106,0.608,1.2305,1.4224,1.4224,1.5023,1.623,0.718,0.962,0.406,1.866,1.0,0.802,0.998,0.568,0.568,2.265,2.581
420,1.9394,1.1065,0.6083,1.231,1.4228,1.4228,1.5015,1.6222,0.717,0.963,0.406,1.866,1.0,0.802,0.998,0.568,0.568,2.263,2.581
421,1.9457,1.1098,0.6106,1.2346,1.4277,1.4277,1.5097,1.624,0.717,0.962,0.406,1.866,1.0,0.802,0.998,0.568,0.568,2.265,2.581
422,1.9447,1.1077,0.6091,1.2324,1.4288,1.4288,1.5025,1.6237,0.717,0.963,0.407,1.865,1.0,0.802,0.998,0.568,0.568,2.251,2.581
423,1.9445,1.1079,0.6099,1.2324,1.4283,1.4283,1.5041,1.6239,0.718,0.963,0.407,1.864,1.0,0.802,0.998,0.568,0.568,2.252,2.581
424,1.9442,1.108,0.6098,1.2325,1.4277,1.4277,1.5042,1.6235,0.718,0.963,0.407,1.864,1.0,0.802,0.998,0.568,0.568,2.253,2.581
425,1.941,1.1071,0.6095,1.2315,1.424,1.424,1.5053,1.6239,0.718,0.963,0.407,1.864,1.0,0.802,0.998,0.568,0.568,2.259,2.581
426,1.939,1.1059,0.6094,1.23,1.4227,1.4227,1.502,1.6232,0.717,0.963,0.407,1.863,1.0,0.802,0.998,0.568,0.568,2.258,2.581
427,1.9442,1.1099,0.6121,1.2344,1.4252,1.4252,1.5101,1.6246,0.717,0.962,0.406,1.865,1.0,0.802,0.998,0.568,0.568,2.267,2.581
428,1.9363,1.1043,0.6086,1.2282,1.421,1.421,1.5011,1.6245,0.718,0.963,0.407,1.862,1.0,0.802,0.998,0.568,0.568,2.257,2.581
429,1.9455,1.1128,0.6139,1.2376,1.4238,1.4238,1.5157,1.6282,0.715,0.962,0.405,1.868,1.0,0.802,0.998,0.568,0.568,2.28,2.581
430,1.9384,1.1049,0.6097,1.2287,1.4235,1.4235,1.5001,1.6245,0.718,0.963,0.407,1.862,1.0,0.802,0.998,0.568,0.568,2.253,2.581
431,1.9328,1.1041,0.6086,1.228,1.4163,1.4163,1.5021,1.6251,0.72,0.963,0.406,1.863,1.0,0.802,0.998,0.568,0.568,2.268,2.581
432,1.9434,1.1118,0.6133,1.2364,1.4216,1.4216,1.5126,1.6276,0.715,0.962,0.405,1.867,1.0,0.802,0.998,0.568,0.568,2.275,2.581
433,1.9396,1.107,0.6107,1.2311,1.4221,1.4221,1.5015,1.6236,0.719,0.963,0.407,1.86,1.0,0.802,0.998,0.568,0.568,2.257,2.581
434,1.9398,1.1079,0.6126,1.2317,1.4211,1.4211,1.5065,1.6244,0.718,0.963,0.407,1.86,1.0,0.802,0.998,0.568,0.568,2.264,2.581
435,1.9312,1.1037,0.6096,1.2273,1.4138,1.4138,1.4995,1.6235,0.719,0.962,0.407,1.86,1.0,0.802,0.998,0.568,0.568,2.266,2.581
436,1.9342,1.1066,0.6106,1.2306,1.4149,1.4149,1.5065,1.6255,0.718,0.963,0.406,1.864,1.0,0.802,0.998,0.568,0.568,2.277,2.581
437,1.9312,1.1044,0.6106,1.2278,1.4131,1.4131,1.5012,1.6239,0.719,0.963,0.407,1.86,1.0,0.802,0.998,0.568,0.568,2.272,2.581
438,1.933,1.1058,0.6112,1.2295,1.4141,1.4141,1.5046,1.6252,0.718,0.963,0.406,1.862,1.0,0.802,0.998,0.568,0.568,2.275,2.581
439,1.9286,1.1032,0.6094,1.2267,1.4106,1.4106,1.4987,1.6226,0.719,0.963,0.407,1.859,1.0,0.802,0.998,0.568,0.568,2.271,2.581
440,1.9305,1.105,0.6093,1.2289,1.4115,1.4115,1.5024,1.6231,0.719,0.963,0.406,1.861,1.0,0.802,0.998,0.568,0.568,2.277,2.581
441,1.9304,1.1044,0.6097,1.2281,1.4117,1.4117,1.4995,1.6229,0.72,0.963,0.407,1.86,1.0,0.802,0.998,0.568,0.568,2.271,2.581
442,1.926,1.1023,0.6093,1.2255,1.4082,1.4082,1.4967,1.6223,0.721,0.963,0.407,1.856,1.0,0.802,0.998,0.568,0.568,2.274,2.581
443,1.9266,1.1023,0.6091,1.2257,1.4092,1.4092,1.4981,1.6225,0.721,0.963,0.407,1.858,1.0,0.802,0.998,0.568,0.568,2.274,2.581
444,1.9277,1.1034,0.6089,1.227,1.4095,1.4095,1.5013,1.6234,0.72,0.963,0.406,1.859,1.0,0.802,0.998,0.568,0.568,2.277,2.581
445,1.929,1.1043,0.6108,1.2276,1.4102,1.4102,1.5011,1.6243,0.718,0.963,0.407,1.859,1.0,0.802,0.998,0.568,0.568,2.275,2.581
446,1.9242,1.1019,0.6099,1.2249,1.4061,1.4061,1.4962,1.6224,0.721,0.963,0.408,1.855,1.0,0.802,0.998,0.568,0.568,2.277,2.581
447,1.9245,1.1021,0.6103,1.2251,1.4064,1.4064,1.4982,1.6232,0.722,0.963,0.408,1.855,1.0,0.802,0.998,0.568,0.568,2.279,2.581
448,1.924,1.1023,0.6096,1.2255,1.4055,1.4055,1.4987,1.623,0.722,0.963,0.407,1.856,1.0,0.802,0.998,0.568,0.568,2.281,2.581
449,1.924,1.1019,0.6095,1.225,1.4059,1.4059,1.4997,1.6234,0.72,0.963,0.407,1.857,1.0,0.802,0.998,0.568,0.568,2.28,2.581
450,1.927,1.1043,0.6108,1.2277,1.4071,1.4071,1.5024,1.6246,0.719,0.963,0.406,1.859,1.0,0.802,0.998,0.568,0.568,2.282,2.581
451,1.9231,1.102,0.6103,1.225,1.4044,1.4044,1.4989,1.6235,0.722,0.963,0.407,1.855,1.0,0.802,0.998,0.568,0.568,2.283,2.581
452,1.9228,1.1019,0.611,1.2247,1.4042,1.4042,1.4988,1.6237,0.722,0.963,0.408,1.854,1.0,0.802,0.998,0.568,0.568,2.283,2.581
453,1.924,1.1026,0.611,1.2255,1.4051,1.4051,1.5006,1.6239,0.721,0.963,0.407,1.855,1.0,0.802,0.998,0.568,0.568,2.284,2.581
454,1.9284,1.1046,0.6121,1.2277,1.4082,1.4082,1.4998,1.6236,0.719,0.964,0.408,1.855,1.0,0.802,0.998,0.568,0.568,2.272,2.581
455,1.9261,1.1038,0.6092,1.2274,1.4055,1.4055,1.4948,1.6215,0.722,0.963,0.408,1.855,1.0,0.802,0.998,0.568,0.568,2.268,2.581
456,1.9264,1.1024,0.6112,1.2253,1.4081,1.4081,1.497,1.6219,0.722,0.963,0.409,1.851,1.0,0.802,0.998,0.568,0.568,2.267,2.581
457,1.9255,1.1025,0.6116,1.2253,1.4066,1.4066,1.4981,1.6225,0.721,0.963,0.409,1.851,1.0,0.802,0.998,0.568,0.568,2.27,2.581
458,1.9259,1.1046,0.6124,1.2277,1.4043,1.4043,1.5,1.624,0.719,0.963,0.407,1.855,1.0,0.802,0.998,0.568,0.568,2.277,2.581
459,1.9318,1.1063,0.6153,1.229,1.4112,1.4112,1.5034,1.623,0.719,0.963,0.409,1.851,1.0,0.802,0.998,0.568,0.568,2.274,2.581
460,1.9235,1.1006,0.61,1.2233,1.4061,1.4061,1.4902,1.6222,0.723,0.964,0.409,1.851,1.0,0.802,0.998,0.568,0.568,2.26,2.581
461,1.927,1.1042,0.6135,1.2269,1.4065,1.4065,1.4994,1.6234,0.719,0.963,0.409,1.852,1.0,0.802,0.998,0.568,0.568,2.271,2.581
462,1.9257,1.1045,0.6134,1.2272,1.4043,1.4043,1.501,1.6236,0.72,0.963,0.408,1.852,1.0,0.802,0.998,0.568,0.568,2.278,2.581
463,1.9276,1.1055,0.6146,1.2282,1.4061,1.4061,1.5035,1.6247,0.72,0.963,0.408,1.853,1.0,0.802,0.998,0.568,0.568,2.28,2.581
464,1.9164,1.0987,0.6106,1.2208,1.3983,1.3983,1.4926,1.6223,0.723,0.964,0.409,1.85,1.0,0.802,0.998,0.568,0.568,2.277,2.581
465,1.9196,1.1015,0.6111,1.224,1.3996,1.3996,1.4983,1.6233,0.721,0.964,0.408,1.852,1.0,0.802,0.998,0.568,0.568,2.284,2.581
466,1.925,1.1053,0.6142,1.2281,1.4029,1.4029,1.5062,1.6279,0.72,0.963,0.406,1.857,1.0,0.802,0.998,0.568,0.568,2.291,2.581
467,1.9251,1.1037,0.6135,1.2262,1.4046,1.4046,1.4982,1.6233,0.721,0.963,0.409,1.85,1.0,0.802,0.998,0.568,0.568,2.274,2.581
468,1.9216,1.1015,0.6096,1.2245,1.4023,1.4023,1.4941,1.6225,0.723,0.963,0.408,1.852,1.0,0.802,0.998,0.568,0.568,2.271,2.581
469,1.9224,1.1022,0.6111,1.225,1.4024,1.4024,1.4954,1.6232,0.723,0.963,0.408,1.852,1.0,0.802,0.998,0.568,0.568,2.272,2.581
470,1.9231,1.1028,0.612,1.2255,1.4028,1.4028,1.497,1.6237,0.723,0.964,0.408,1.852,1.0,0.802,0.998,0.568,0.568,2.273,2.581
471,1.9226,1.1029,0.612,1.2256,1.4019,1.4019,1.4983,1.6239,0.722,0.963,0.408,1.852,1.0,0.802,0.998,0.568,0.568,2.275,2.581
472,1.9142,1.0976,0.6115,1.2192,1.3964,1.3964,1.4906,1.6225,0.723,0.964,0.41,1.847,1.0,0.802,0.998,0.568,0.568,2.276,2.581
473,1.9209,1.1034,0.6114,1.2264,1.3989,1.3989,1.5026,1.6249,0.721,0.963,0.407,1.853,1.0,0.802,0.998,0.568,0.568,2.285,2.581
474,1.9129,1.0972,0.6111,1.2187,1.3954,1.3954,1.4929,1.6234,0.724,0.964,0.409,1.847,1.0,0.802,0.998,0.568,0.568,2.28,2.581
475,1.9122,1.0981,0.6109,1.2199,1.393,1.393,1.4928,1.6232,0.724,0.964,0.409,1.848,1.0,0.802,0.998,0.568,0.568,2.284,2.581
476,1.9122,1.098,0.6103,1.22,1.3933,1.3933,1.4948,1.6241,0.724,0.964,0.408,1.849,1.0,0.802,0.998,0.568,0.568,2.285,2.581
477,1.9123,1.0983,0.6101,1.2203,1.3931,1.3931,1.4972,1.6251,0.724,0.964,0.408,1.851,1.0,0.802,0.998,0.568,0.568,2.287,2.581
478,1.9132,1.0992,0.6105,1.2214,1.3931,1.3931,1.4976,1.6249,0.722,0.964,0.408,1.851,1.0,0.802,0.998,0.568,0.568,2.287,2.581
479,1.9166,1.1016,0.6124,1.2238,1.3948,1.3948,1.5001,1.6259,0.723,0.964,0.407,1.852,1.0,0.802,0.998,0.568,0.568,2.288,2.581
480,1.912,1.0977,0.6122,1.2191,1.3932,1.3932,1.4947,1.6241,0.723,0.964,0.409,1.847,1.0,0.802,0.998,0.568,0.568,2.285,2.581
481,1.9099,1.0991,0.6095,1.2215,1.3881,1.3881,1.4961,1.6231,0.724,0.964,0.408,1.85,1.0,0.802,0.998,0.568,0.568,2.296,2.581
482,1.9099,1.098,0.611,1.2197,1.3899,1.3899,1.4951,1.6233,0.724,0.964,0.409,1.846,1.0,0.802,0.998,0.568,0.568,2.292,2.581
483,1.9088,1.096,0.6108,1.2173,1.391,1.391,1.4949,1.624,0.725,0.964,0.409,1.846,1.0,0.802,0.998,0.568,0.568,2.287,2.581
484,1.9078,1.0981,0.6088,1.2204,1.3865,1.3865,1.4969,1.6233,0.725,0.964,0.408,1.849,1.0,0.802,0.998,0.568,0.568,2.298,2.581
485,1.9082,1.0971,0.6104,1.2187,1.3886,1.3886,1.4956,1.6234,0.724,0.964,0.409,1.846,1.0,0.802,0.998,0.568,0.568,2.291,2.581
486,1.9078,1.0972,0.61,1.219,1.3879,1.3879,1.498,1.6238,0.725,0.964,0.408,1.847,1.0,0.802,0.998,0.568,0.568,2.295,2.581
487,1.9156,1.1027,0.6125,1.2253,1.3922,1.3922,1.5061,1.6254,0.723,0.963,0.407,1.851,1.0,0.802,0.998,0.568,0.568,2.303,2.581
488,1.9079,1.0984,0.6102,1.2204,1.386,1.386,1.4928,1.6222,0.724,0.964,0.408,1.846,1.0,0.802,0.998,0.568,0.568,2.299,2.581
489,1.9062,1.0973,0.6095,1.2192,1.3849,1.3849,1.493,1.6219,0.725,0.964,0.408,1.846,1.0,0.802,0.998,0.568,0.568,2.298,2.581
490,1.9053,1.0972,0.6094,1.2192,1.3837,1.3837,1.4918,1.6216,0.725,0.964,0.409,1.845,1.0,0.802,0.998,0.568,0.568,2.298,2.581
491,1.9067,1.0974,0.6102,1.2192,1.3857,1.3857,1.4965,1.6235,0.725,0.964,0.408,1.847,1.0,0.802,0.998,0.568,0.568,2.298,2.581
492,1.9062,1.0971,0.6087,1.2192,1.3851,1.3851,1.4966,1.6228,0.725,0.964,0.408,1.848,1.0,0.802,0.998,0.568,0.568,2.294,2.581
493,1.9047,1.0952,0.6104,1.2164,1.3856,1.3856,1.4924,1.6226,0.726,0.964,0.41,1.842,1.0,0.802,0.998,0.568,0.568,2.29,2.581
494,1.9045,1.0957,0.6109,1.2169,1.3847,1.3847,1.4912,1.6226,0.724,0.964,0.409,1.843,1.0,0.802,0.998,0.568,0.568,2.292,2.581
495,1.9142,1.1016,0.6133,1.2237,1.3911,1.3911,1.5037,1.6258,0.723,0.964,0.408,1.849,1.0,0.802,0.998,0.568,0.568,2.294,2.581
496,1.9065,1.0976,0.6094,1.2197,1.3848,1.3848,1.4925,1.6222,0.727,0.964,0.408,1.845,1.0,0.802,0.998,0.568,0.568,2.296,2.581
497,1.9076,1.0961,0.611,1.2174,1.388,1.388,1.4856,1.6205,0.726,0.964,0.411,1.839,1.0,0.802,0.998,0.568,0.568,2.276,2.581
498,1.91,1.0979,0.6115,1.2194,1.3891,1.3891,1.4884,1.6195,0.726,0.964,0.411,1.84,1.0,0.802,0.998,0.568,0.568,2.276,2.581
499,1.9102,1.0987,0.6127,1.2202,1.388,1.388,1.49,1.6201,0.725,0.963,0.411,1.839,1.0,0.802,0.998,0.568,0.568,2.279,2.581
500,1.9106,1.0981,0.6117,1.2197,1.3899,1.3899,1.4927,1.6206,0.725,0.963,0.411,1.841,1.0,0.802,0.998,0.568,0.568,2.279,2.581
501,1.9064,1.0984,0.6106,1.2204,1.3828,1.3828,1.4899,1.6222,0.724,0.964,0.409,1.845,1.0,0.802,0.998,0.568,0.568,2.287,2.581
502,1.9061,1.0988,0.6094,1.2211,1.3821,1.3821,1.4935,1.6226,0.726,0.964,0.408,1.847,1.0,0.802,0.998,0.568,0.568,2.293,2.581
503,1.9049,1.097,0.6102,1.2187,1.3831,1.3831,1.4943,1.6243,0.725,0.964,0.408,1.846,1.0,0.802,0.998,0.568,0.568,2.292,2.581
504,1.9003,1.0955,0.6095,1.217,1.378,1.378,1.4878,1.6219,0.725,0.964,0.409,1.842,1.0,0.802,0.998,0.568,0.568,2.296,2.581
505,1.9005,1.0952,0.6092,1.2167,1.3792,1.3792,1.4902,1.6227,0.726,0.964,0.409,1.842,1.0,0.802,0.998,0.568,0.568,2.298,2.581
506,1.9006,1.0944,0.6099,1.2155,1.3805,1.3805,1.4915,1.6237,0.726,0.965,0.409,1.842,1.0,0.802,0.998,0.568,0.568,2.294,2.581
507,1.8996,1.0963,0.6076,1.2185,1.3761,1.3761,1.4938,1.6224,0.726,0.964,0.408,1.846,1.0,0.802,0.998,0.568,0.568,2.305,2.581
508,1.8999,1.0958,0.6092,1.2175,1.3774,1.3774,1.4923,1.6226,0.726,0.964,0.409,1.842,1.0,0.802,0.998,0.568,0.568,2.304,2.581
509,1.8982,1.0941,0.6095,1.2152,1.3773,1.3773,1.4908,1.6226,0.727,0.965,0.409,1.84,1.0,0.802,0.998,0.568,0.568,2.3,2.581
510,1.9003,1.0952,0.6105,1.2163,1.3792,1.3792,1.4948,1.624,0.725,0.964,0.409,1.842,1.0,0.802,0.998,0.568,0.568,2.301,2.581
511,1.8988,1.0942,0.6094,1.2154,1.378,1.378,1.4932,1.6239,0.728,0.964,0.409,1.842,1.0,0.802,0.998,0.568,0.568,2.298,2.581
512,1.9008,1.0956,0.6102,1.217,1.3791,1.3791,1.4974,1.6245,0.726,0.965,0.408,1.843,1.0,0.802,0.998,0.568,0.568,2.3,2.581
513,1.8981,1.0951,0.609,1.2167,1.3756,1.3756,1.4943,1.6234,0.728,0.964,0.409,1.841,1.0,0.802,0.998,0.568,0.568,2.304,2.581
514,1.9054,1.0972,0.6101,1.219,1.3834,1.3834,1.4896,1.6208,0.726,0.964,0.409,1.842,1.0,0.802,0.998,0.568,0.568,2.286,2.581
515,1.8985,1.0958,0.6099,1.2173,1.3752,1.3752,1.4877,1.6214,0.726,0.964,0.409,1.839,1.0,0.802,0.998,0.568,0.568,2.305,2.581
516,1.8972,1.0948,0.6092,1.2162,1.3747,1.3747,1.4897,1.6226,0.727,0.964,0.409,1.84,1.0,0.802,0.998,0.568,0.568,2.304,2.581
517,1.8972,1.0955,0.6093,1.2171,1.3736,1.3736,1.4895,1.6223,0.726,0.964,0.409,1.84,1.0,0.802,0.998,0.568,0.568,2.306,2.581
518,1.895,1.0922,0.61,1.2128,1.375,1.375,1.4874,1.622,0.728,0.965,0.41,1.836,1.0,0.802,0.998,0.568,0.568,2.296,2.581
519,1.9017,1.0953,0.6098,1.2167,1.3801,1.3801,1.4886,1.6203,0.727,0.964,0.41,1.839,1.0,0.802,0.998,0.568,0.568,2.286,2.581
520,1.8988,1.0964,0.6087,1.2183,1.3748,1.3748,1.4921,1.6226,0.727,0.964,0.408,1.842,1.0,0.802,0.998,0.568,0.568,2.305,2.581
521,1.9058,1.097,0.6127,1.218,1.3842,1.3842,1.4881,1.6203,0.727,0.964,0.411,1.835,1.0,0.802,0.998,0.568,0.568,2.281,2.581
522,1.9037,1.0958,0.6114,1.2169,1.3827,1.3827,1.4891,1.6201,0.728,0.964,0.411,1.836,1.0,0.802,0.998,0.568,0.568,2.282,2.581
523,1.9036,1.096,0.6126,1.2168,1.3823,1.3823,1.4886,1.621,0.725,0.964,0.411,1.835,1.0,0.802,0.998,0.568,0.568,2.284,2.581
524,1.9009,1.0961,0.6112,1.2174,1.3778,1.3778,1.4884,1.6218,0.726,0.964,0.41,1.839,1.0,0.802,0.998,0.568,0.568,2.288,2.581
525,1.9021,1.0961,0.6118,1.2172,1.3798,1.3798,1.4896,1.6218,0.726,0.963,0.411,1.837,1.0,0.802,0.998,0.568,0.568,2.287,2.581
526,1.9035,1.0985,0.6125,1.22,1.3786,1.3786,1.4936,1.6233,0.725,0.964,0.409,1.84,1.0,0.802,0.998,0.568,0.568,2.293,2.581
527,1.8997,1.0973,0.6105,1.219,1.3742,1.3742,1.4906,1.6231,0.726,0.964,0.409,1.841,1.0,0.802,0.998,0.568,0.568,2.296,2.581
528,1.9008,1.0972,0.6105,1.2188,1.3764,1.3764,1.4931,1.6235,0.727,0.964,0.409,1.842,1.0,0.802,0.998,0.568,0.568,2.296,2.581
529,1.892,1.0911,0.6099,1.2114,1.3716,1.3716,1.4832,1.6215,0.728,0.965,0.411,1.834,1.0,0.802,0.998,0.568,0.568,2.294,2.581
530,1.8942,1.0916,0.6103,1.212,1.3746,1.3746,1.4893,1.6254,0.728,0.964,0.41,1.837,1.0,0.802,0.998,0.568,0.568,2.294,2.581
531,1.8903,1.0904,0.6094,1.2106,1.3699,1.3699,1.4832,1.6214,0.729,0.965,0.411,1.834,1.0,0.802,0.998,0.568,0.568,2.293,2.581
532,1.8944,1.0925,0.6103,1.213,1.3736,1.3736,1.4895,1.6256,0.727,0.965,0.41,1.839,1.0,0.802,0.998,0.568,0.568,2.295,2.581
533,1.8946,1.0935,0.6096,1.2144,1.3726,1.3726,1.4905,1.6252,0.726,0.965,0.409,1.84,1.0,0.802,0.998,0.568,0.568,2.298,2.581
534,1.8904,1.0929,0.6081,1.2141,1.3666,1.3666,1.4872,1.6225,0.729,0.965,0.409,1.837,1.0,0.802,0.998,0.568,0.568,2.306,2.581
535,1.8893,1.0911,0.6082,1.2119,1.3675,1.3675,1.4854,1.6214,0.729,0.965,0.411,1.834,1.0,0.802,0.998,0.568,0.568,2.301,2.581
536,1.891,1.0908,0.6097,1.2111,1.3708,1.3708,1.4871,1.6234,0.729,0.965,0.41,1.835,1.0,0.802,0.998,0.568,0.568,2.297,2.581
537,1.9022,1.0975,0.6128,1.2187,1.3782,1.3782,1.4938,1.6217,0.725,0.964,0.411,1.835,1.0,0.802,0.998,0.568,0.568,2.294,2.581
538,1.904,1.0974,0.6136,1.2183,1.3811,1.3811,1.4914,1.6217,0.727,0.964,0.411,1.834,1.0,0.802,0.998,0.568,0.568,2.285,2.581
539,1.8967,1.0926,0.6092,1.2135,1.3765,1.3765,1.4856,1.6211,0.728,0.964,0.411,1.834,1.0,0.802,0.998,0.568,0.568,2.282,2.581
540,1.8997,1.095,0.6113,1.216,1.3778,1.3778,1.4905,1.6213,0.728,0.964,0.411,1.834,1.0,0.802,0.998,0.568,0.568,2.287,2.581
541,1.896,1.095,0.6105,1.2162,1.3718,1.3718,1.4886,1.6218,0.727,0.964,0.41,1.836,1.0,0.802,0.998,0.568,0.568,2.295,2.581
542,1.8885,1.0904,0.6102,1.2104,1.3672,1.3672,1.4803,1.621,0.728,0.965,0.412,1.83,1.0,0.802,0.998,0.568,0.568,2.297,2.581
543,1.8922,1.0936,0.6081,1.2149,1.3688,1.3688,1.4928,1.6256,0.729,0.965,0.409,1.841,1.0,0.802,0.998,0.568,0.568,2.305,2.581
544,1.8894,1.092,0.608,1.213,1.3665,1.3665,1.4901,1.6243,0.729,0.964,0.409,1.837,1.0,0.802,0.998,0.568,0.568,2.304,2.581
545,1.8907,1.0914,0.6091,1.2119,1.3696,1.3696,1.4907,1.6255,0.728,0.965,0.41,1.837,1.0,0.802,0.998,0.568,0.568,2.298,2.581
546,1.8887,1.093,0.6076,1.2143,1.3642,1.3642,1.4894,1.6242,0.729,0.964,0.409,1.838,1.0,0.802,0.998,0.568,0.568,2.309,2.581
547,1.8872,1.0914,0.6083,1.2121,1.3641,1.3641,1.4881,1.6234,0.73,0.964,0.41,1.834,1.0,0.802,0.998,0.568,0.568,2.307,2.581
548,1.8889,1.0933,0.6067,1.2149,1.3638,1.3638,1.492,1.6223,0.73,0.965,0.409,1.838,1.0,0.802,0.998,0.568,0.568,2.31,2.581
549,1.8926,1.0934,0.6086,1.2146,1.3693,1.3693,1.4894,1.6214,0.729,0.965,0.41,1.835,1.0,0.802,0.998,0.568,0.568,2.298,2.581
550,1.8864,1.0898,0.6093,1.2099,1.3652,1.3652,1.4842,1.6217,0.73,0.965,0.411,1.83,1.0,0.802,0.998,0.568,0.568,2.302,2.581
551,1.8873,1.0888,0.6096,1.2086,1.3681,1.3681,1.4859,1.6229,0.729,0.965,0.412,1.83,1.0,0.802,0.998,0.568,0.568,2.297,2.581
552,1.8883,1.0895,0.6101,1.2093,1.3687,1.3687,1.4857,1.6238,0.729,0.965,0.411,1.832,1.0,0.802,0.998,0.568,0.568,2.296,2.581
553,1.8856,1.089,0.6093,1.2089,1.365,1.365,1.4836,1.6229,0.73,0.965,0.411,1.83,1.0,0.802,0.998,0.568,0.568,2.298,2.581
554,1.8863,1.0919,0.6074,1.2131,1.362,1.362,1.4918,1.6246,0.73,0.964,0.409,1.836,1.0,0.802,0.998,0.568,0.568,2.312,2.581
555,1.8842,1.0884,0.6087,1.2084,1.3635,1.3635,1.4821,1.6216,0.73,0.965,0.412,1.829,1.0,0.802,0.998,0.568,0.568,2.299,2.581
556,1.8855,1.0915,0.608,1.2124,1.3615,1.3615,1.4916,1.6246,0.73,0.964,0.41,1.834,1.0,0.802,0.998,0.568,0.568,2.312,2.581
557,1.886,1.0917,0.607,1.2129,1.3615,1.3615,1.4885,1.621,0.73,0.966,0.41,1.835,1.0,0.802,0.998,0.568,0.568,2.31,2.581
558,1.8867,1.0912,0.6083,1.2119,1.3635,1.3635,1.4888,1.6213,0.731,0.966,0.411,1.832,1.0,0.802,0.998,0.568,0.568,2.309,2.581
559,1.8828,1.0898,0.6081,1.2102,1.3593,1.3593,1.4825,1.6213,0.731,0.965,0.411,1.83,1.0,0.802,0.998,0.568,0.568,2.308,2.581
560,1.8815,1.0898,0.6073,1.2105,1.357,1.357,1.4798,1.6194,0.731,0.965,0.411,1.829,1.0,0.802,0.998,0.568,0.568,2.309,2.581
561,1.882,1.09,0.6079,1.2106,1.3579,1.3579,1.4823,1.6212,0.731,0.965,0.411,1.83,1.0,0.802,0.998,0.568,0.568,2.311,2.581
562,1.8836,1.0893,0.6092,1.2093,1.3614,1.3614,1.484,1.6221,0.73,0.965,0.411,1.829,1.0,0.802,0.998,0.568,0.568,2.305,2.581
563,1.883,1.0882,0.6101,1.2077,1.3622,1.3622,1.4837,1.6221,0.73,0.965,0.412,1.827,1.0,0.802,0.998,0.568,0.568,2.302,2.581
564,1.8819,1.0904,0.6069,1.2113,1.3573,1.3573,1.4882,1.6235,0.732,0.964,0.41,1.833,1.0,0.802,0.998,0.568,0.568,2.315,2.581
565,1.8862,1.0905,0.6072,1.2113,1.3635,1.3635,1.4888,1.62,0.731,0.965,0.411,1.832,1.0,0.802,0.998,0.568,0.568,2.304,2.581
566,1.8836,1.0907,0.6075,1.2114,1.3596,1.3596,1.4884,1.6213,0.731,0.965,0.411,1.83,1.0,0.802,0.998,0.568,0.568,2.314,2.581
567,1.8834,1.0909,0.6075,1.2118,1.3589,1.3589,1.4861,1.6213,0.732,0.965,0.41,1.831,1.0,0.802,0.998,0.568,0.568,2.314,2.581
568,1.8908,1.0935,0.6106,1.2142,1.366,1.366,1.487,1.6207,0.728,0.964,0.411,1.832,1.0,0.802,0.998,0.568,0.568,2.298,2.581
569,1.8973,1.0964,0.614,1.217,1.3719,1.3719,1.4873,1.6215,0.727,0.964,0.412,1.83,1.0,0.802,0.998,0.568,0.568,2.289,2.581
570,1.8887,1.0908,0.6101,1.211,1.3665,1.3665,1.4828,1.62,0.73,0.965,0.413,1.827,1.0,0.802,0.998,0.568,0.568,2.288,2.581
571,1.8916,1.0925,0.6122,1.2126,1.3688,1.3688,1.4871,1.6204,0.73,0.964,0.413,1.827,1.0,0.802,0.998,0.568,0.568,2.292,2.581
572,1.8904,1.0919,0.6119,1.2119,1.368,1.368,1.4878,1.6205,0.73,0.964,0.413,1.826,1.0,0.802,0.998,0.568,0.568,2.294,2.581
573,1.8865,1.092,0.6094,1.2126,1.3616,1.3616,1.4872,1.621,0.729,0.965,0.411,1.831,1.0,0.802,0.998,0.568,0.568,2.302,2.581
574,1.8797,1.0891,0.6078,1.2095,1.3554,1.3554,1.4786,1.6196,0.732,0.965,0.411,1.827,1.0,0.802,0.998,0.568,0.568,2.31,2.581
575,1.8819,1.0872,0.6095,1.2066,1.3622,1.3622,1.4846,1.6225,0.731,0.965,0.412,1.826,1.0,0.802,0.998,0.568,0.568,2.302,2.581
576,1.8863,1.0925,0.608,1.2137,1.3607,1.3607,1.4906,1.622,0.731,0.965,0.41,1.833,1.0,0.802,0.998,0.568,0.568,2.307,2.581
577,1.8791,1.0875,0.6096,1.2069,1.3567,1.3567,1.4757,1.6199,0.732,0.965,0.413,1.823,1.0,0.802,0.998,0.568,0.568,2.3,2.581
578,1.8805,1.0866,0.61,1.2057,1.3609,1.3609,1.4836,1.6224,0.731,0.966,0.413,1.824,1.0,0.802,0.998,0.568,0.568,2.301,2.581
579,1.8879,1.0936,0.6092,1.2147,1.3617,1.3617,1.4945,1.6224,0.729,0.965,0.41,1.833,1.0,0.802,0.998,0.568,0.568,2.311,2.581
580,1.8877,1.0925,0.6106,1.213,1.3629,1.3629,1.49,1.6223,0.73,0.964,0.411,1.829,1.0,0.802,0.998,0.568,0.568,2.304,2.581
581,1.8985,1.0982,0.6158,1.2188,1.3714,1.3714,1.4947,1.6233,0.727,0.963,0.412,1.83,1.0,0.802,0.998,0.568,0.568,2.3,2.581
582,1.8823,1.0872,0.6081,1.207,1.3617,1.3617,1.4773,1.6199,0.732,0.965,0.413,1.826,1.0,0.802,0.998,0.568,0.568,2.287,2.581
583,1.8878,1.0914,0.612,1.2112,1.3648,1.3648,1.4892,1.6215,0.73,0.964,0.413,1.825,1.0,0.802,0.998,0.568,0.568,2.3,2.581
584,1.8832,1.0914,0.6086,1.2121,1.3574,1.3574,1.4875,1.6221,0.729,0.965,0.411,1.831,1.0,0.802,0.998,0.568,0.568,2.308,2.581
585,1.8789,1.0863,0.6084,1.2058,1.3585,1.3585,1.4825,1.622,0.732,0.965,0.412,1.826,1.0,0.802,0.998,0.568,0.568,2.299,2.581
586,1.8772,1.0842,0.6094,1.2028,1.359,1.359,1.4792,1.6211,0.733,0.966,0.413,1.822,1.0,0.802,0.998,0.568,0.568,2.295,2.581
587,1.8766,1.0832,0.6101,1.2015,1.3592,1.3592,1.4781,1.6221,0.734,0.965,0.414,1.821,1.0,0.802,0.998,0.568,0.568,2.291,2.581
588,1.8763,1.0828,0.6096,1.2011,1.3593,1.3593,1.4755,1.622,0.733,0.966,0.414,1.821,1.0,0.802,0.998,0.568,0.568,2.287,2.581
589,1.8747,1.0823,0.6101,1.2004,1.3575,1.3575,1.4762,1.6216,0.733,0.965,0.414,1.819,1.0,0.802,0.998,0.568,0.568,2.29,2.581
590,1.8767,1.0896,0.6075,1.2101,1.3502,1.3502,1.4792,1.6209,0.732,0.965,0.411,1.826,1.0,0.802,0.998,0.568,0.568,2.315,2.581
591,1.8779,1.089,0.6066,1.2096,1.3533,1.3533,1.4914,1.6249,0.731,0.965,0.41,1.831,1.0,0.802,0.998,0.568,0.568,2.316,2.581
592,1.8741,1.0848,0.6087,1.2038,1.353,1.353,1.4772,1.6204,0.733,0.965,0.413,1.821,1.0,0.802,0.998,0.568,0.568,2.304,2.581
593,1.8751,1.0845,0.6093,1.2033,1.3551,1.3551,1.4792,1.622,0.732,0.965,0.413,1.821,1.0,0.802,0.998,0.568,0.568,2.3,2.581
594,1.8736,1.0886,0.6048,1.2095,1.347,1.347,1.4802,1.6214,0.733,0.964,0.41,1.828,1.0,0.802,0.998,0.568,0.568,2.317,2.581
595,1.8746,1.0855,0.6073,1.2051,1.353,1.353,1.4819,1.623,0.732,0.965,0.412,1.825,1.0,0.802,0.998,0.568,0.568,2.305,2.581
596,1.8752,1.0854,0.6081,1.2047,1.3539,1.3539,1.4809,1.6239,0.733,0.965,0.412,1.826,1.0,0.802,0.998,0.568,0.568,2.3,2.581
597,1.8745,1.0853,0.6093,1.2043,1.3532,1.3532,1.4801,1.6225,0.733,0.965,0.413,1.821,1.0,0.802,0.998,0.568,0.568,2.303,2.581
598,1.8764,1.09,0.6038,1.2115,1.3495,1.3495,1.4913,1.6242,0.733,0.966,0.409,1.834,1.0,0.802,0.998,0.568,0.568,2.321,2.581
599,1.8793,1.0884,0.609,1.2083,1.3555,1.3555,1.4837,1.6202,0.732,0.965,0.413,1.824,1.0,0.802,0.998,0.568,0.568,2.301,2.581
600,1.871,1.0865,0.6041,1.2071,1.3458,1.3458,1.4813,1.6213,0.735,0.965,0.411,1.827,1.0,0.802,0.998,0.568,0.568,2.316,2.581
601,1.8819,1.089,0.6106,1.2086,1.3591,1.3591,1.4888,1.6212,0.732,0.965,0.413,1.823,1.0,0.802,0.998,0.568,0.568,2.303,2.581
602,1.8714,1.0863,0.6059,1.2064,1.3468,1.3468,1.4809,1.6218,0.733,0.965,0.411,1.825,1.0,0.802,0.998,0.568,0.568,2.315,2.581
603,1.8748,1.0868,0.6066,1.2068,1.3514,1.3514,1.4841,1.6229,0.734,0.965,0.411,1.826,1.0,0.802,0.998,0.568,0.568,2.307,2.581
604,1.8724,1.0884,0.6058,1.2091,1.3455,1.3455,1.4826,1.6222,0.733,0.965,0.411,1.826,1.0,0.802,0.998,0.568,0.568,2.322,2.581
605,1.8734,1.0878,0.607,1.208,1.3479,1.3479,1.4871,1.6236,0.732,0.965,0.411,1.825,1.0,0.802,0.998,0.568,0.568,2.318,2.581
606,1.8852,1.0914,0.6129,1.211,1.3607,1.3607,1.4892,1.6211,0.731,0.964,0.413,1.822,1.0,0.802,0.998,0.568,0.568,2.301,2.581
607,1.8884,1.0932,0.614,1.213,1.3625,1.3625,1.4867,1.6208,0.729,0.964,0.413,1.823,1.0,0.802,0.998,0.568,0.568,2.296,2.581
608,1.8784,1.0876,0.609,1.2073,1.355,1.355,1.4793,1.6194,0.732,0.965,0.413,1.822,1.0,0.802,0.998,0.568,0.568,2.295,2.581
609,1.881,1.0889,0.6107,1.2084,1.3572,1.3572,1.4822,1.6194,0.732,0.965,0.413,1.821,1.0,0.802,0.998,0.568,0.568,2.296,2.581
610,1.8812,1.0892,0.6107,1.2088,1.3573,1.3573,1.4867,1.6205,0.732,0.965,0.413,1.822,1.0,0.802,0.998,0.568,0.568,2.3,2.581
611,1.8729,1.0869,0.6066,1.207,1.3478,1.3478,1.4827,1.6211,0.733,0.966,0.412,1.825,1.0,0.802,0.998,0.568,0.568,2.311,2.581
612,1.8699,1.0835,0.6084,1.2023,1.3482,1.3482,1.4782,1.6195,0.735,0.965,0.414,1.816,1.0,0.802,0.998,0.568,0.568,2.307,2.581
613,1.8673,1.0803,0.609,1.1981,1.3487,1.3487,1.4718,1.6179,0.734,0.966,0.416,1.811,1.0,0.802,0.998,0.568,0.568,2.297,2.581
614,1.8662,1.0799,0.6083,1.1978,1.3476,1.3476,1.4724,1.6183,0.734,0.966,0.415,1.813,1.0,0.802,0.998,0.568,0.568,2.3,2.581
615,1.8663,1.0814,0.6068,1.2001,1.3455,1.3455,1.4755,1.6195,0.735,0.965,0.414,1.817,1.0,0.802,0.998,0.568,0.568,2.304,2.581
616,1.867,1.0808,0.6086,1.1988,1.3477,1.3477,1.4748,1.6208,0.735,0.966,0.414,1.815,1.0,0.802,0.998,0.568,0.568,2.299,2.581
617,1.8656,1.0828,0.606,1.202,1.3425,1.3425,1.4715,1.6188,0.734,0.965,0.414,1.817,1.0,0.802,0.998,0.568,0.568,2.309,2.581
618,1.8714,1.0884,0.6054,1.2092,1.3439,1.3439,1.4911,1.6252,0.733,0.965,0.41,1.828,1.0,0.802,0.998,0.568,0.568,2.326,2.581
619,1.8682,1.084,0.6074,1.2031,1.3451,1.3451,1.481,1.6222,0.734,0.965,0.413,1.818,1.0,0.802,0.998,0.568,0.568,2.311,2.581
620,1.8696,1.0833,0.6087,1.202,1.3485,1.3485,1.4813,1.6232,0.733,0.965,0.413,1.819,1.0,0.802,0.998,0.568,0.568,2.305,2.581
621,1.8769,1.0883,0.6103,1.2078,1.3518,1.3518,1.4854,1.6196,0.732,0.965,0.414,1.818,1.0,0.802,0.998,0.568,0.568,2.307,2.581
622,1.8817,1.0901,0.6128,1.2094,1.3566,1.3566,1.4864,1.6203,0.731,0.964,0.414,1.819,1.0,0.802,0.998,0.568,0.568,2.301,2.581
623,1.8811,1.09,0.6116,1.2096,1.3559,1.3559,1.4886,1.6208,0.731,0.965,0.413,1.82,1.0,0.802,0.998,0.568,0.568,2.302,2.581
624,1.8699,1.0864,0.606,1.2065,1.3439,1.3439,1.4831,1.6209,0.734,0.965,0.412,1.823,1.0,0.802,0.998,0.568,0.568,2.315,2.581
625,1.8663,1.0829,0.6074,1.2017,1.3436,1.3436,1.4781,1.6197,0.736,0.965,0.414,1.814,1.0,0.802,0.998,0.568,0.568,2.313,2.581
626,1.8647,1.0809,0.6079,1.1991,1.3439,1.3439,1.475,1.6194,0.735,0.966,0.415,1.813,1.0,0.802,0.998,0.568,0.568,2.305,2.581
627,1.8649,1.0801,0.6093,1.1978,1.3453,1.3453,1.4728,1.6201,0.736,0.966,0.415,1.812,1.0,0.802,0.998,0.568,0.568,2.3,2.581
628,1.8632,1.0809,0.6059,1.1996,1.3416,1.3416,1.4761,1.6195,0.735,0.966,0.414,1.816,1.0,0.802,0.998,0.568,0.568,2.31,2.581
629,1.8624,1.0791,0.6074,1.1971,1.3428,1.3428,1.4729,1.6189,0.735,0.966,0.415,1.812,1.0,0.802,0.998,0.568,0.568,2.303,2.581
630,1.8633,1.0795,0.6089,1.1971,1.3436,1.3436,1.4724,1.6202,0.736,0.965,0.415,1.812,1.0,0.802,0.998,0.568,0.568,2.301,2.581
631,1.8673,1.0839,0.6076,1.203,1.3438,1.3438,1.4808,1.6222,0.735,0.966,0.413,1.818,1.0,0.802,0.998,0.568,0.568,2.312,2.581
632,1.8666,1.0834,0.6071,1.2025,1.3434,1.3434,1.4816,1.6227,0.735,0.965,0.413,1.819,1.0,0.802,0.998,0.568,0.568,2.311,2.581
633,1.8673,1.0862,0.6047,1.2066,1.3402,1.3402,1.4836,1.6207,0.736,0.965,0.412,1.822,1.0,0.802,0.998,0.568,0.568,2.322,2.581
634,1.865,1.0862,0.6041,1.2068,1.337,1.337,1.481,1.6219,0.734,0.965,0.411,1.822,1.0,0.802,0.998,0.568,0.568,2.33,2.581
635,1.8664,1.0858,0.6062,1.2056,1.3401,1.3401,1.487,1.6239,0.735,0.965,0.412,1.821,1.0,0.802,0.998,0.568,0.568,2.327,2.581
636,1.8628,1.0812,0.6071,1.1997,1.3407,1.3407,1.4748,1.6199,0.735,0.966,0.414,1.813,1.0,0.802,0.998,0.568,0.568,2.31,2.581
637,1.8639,1.0815,0.6074,1.2,1.342,1.342,1.4774,1.6209,0.736,0.966,0.414,1.814,1.0,0.802,0.998,0.568,0.568,2.31,2.581
638,1.865,1.0839,0.607,1.2032,1.3403,1.3403,1.4835,1.6239,0.735,0.965,0.413,1.819,1.0,0.802,0.998,0.568,0.568,2.319,2.581
639,1.8683,1.0861,0.6059,1.2062,1.3424,1.3424,1.4823,1.624,0.735,0.965,0.411,1.822,1.0,0.802,0.998,0.568,0.568,2.317,2.581
640,1.8789,1.0896,0.6131,1.2088,1.3526,1.3526,1.4807,1.6185,0.731,0.964,0.415,1.816,1.0,0.802,0.998,0.568,0.568,2.299,2.581
641,1.8682,1.085,0.6071,1.2045,1.3429,1.3429,1.4812,1.6198,0.734,0.966,0.413,1.817,1.0,0.802,0.998,0.568,0.568,2.31,2.581
642,1.8593,1.0803,0.606,1.1989,1.3362,1.3362,1.4687,1.6176,0.735,0.966,0.415,1.811,1.0,0.802,0.998,0.568,0.568,2.311,2.581
643,1.8637,1.0866,0.6033,1.2074,1.3345,1.3345,1.4842,1.6232,0.736,0.966,0.411,1.823,1.0,0.802,0.998,0.568,0.568,2.333,2.581
644,1.8602,1.0807,0.6074,1.1991,1.3371,1.3371,1.4737,1.6199,0.736,0.966,0.415,1.81,1.0,0.802,0.998,0.568,0.568,2.315,2.581
645,1.8592,1.0824,0.6041,1.202,1.3328,1.3328,1.4718,1.6182,0.736,0.965,0.413,1.815,1.0,0.802,0.998,0.568,0.568,2.319,2.581
646,1.8634,1.0851,0.6046,1.2052,1.3366,1.3366,1.4862,1.6255,0.736,0.965,0.411,1.823,1.0,0.802,0.998,0.568,0.568,2.332,2.581
647,1.8667,1.0844,0.6073,1.2037,1.3415,1.3415,1.4803,1.619,0.734,0.965,0.414,1.815,1.0,0.802,0.998,0.568,0.568,2.309,2.581
648,1.8614,1.0828,0.6042,1.2024,1.3357,1.3357,1.4775,1.62,0.736,0.966,0.413,1.817,1.0,0.802,0.998,0.568,0.568,2.316,2.581
649,1.86,1.0824,0.6033,1.2022,1.3344,1.3344,1.4785,1.6205,0.736,0.966,0.413,1.818,1.0,0.802,0.998,0.568,0.568,2.32,2.581
650,1.8584,1.0802,0.6056,1.1989,1.3351,1.3351,1.4743,1.6196,0.736,0.965,0.414,1.811,1.0,0.802,0.998,0.568,0.568,2.315,2.581
651,1.8629,1.0842,0.6054,1.2039,1.3366,1.3366,1.4851,1.6239,0.736,0.965,0.412,1.818,1.0,0.802,0.998,0.568,0.568,2.324,2.581
652,1.8564,1.0785,0.6067,1.1965,1.3342,1.3342,1.4694,1.618,0.736,0.965,0.416,1.807,1.0,0.802,0.998,0.568,0.568,2.311,2.581
653,1.8644,1.0845,0.6056,1.2042,1.3383,1.3383,1.4842,1.62,0.734,0.966,0.413,1.818,1.0,0.802,0.998,0.568,0.568,2.32,2.581
654,1.874,1.0879,0.6128,1.2067,1.3477,1.3477,1.483,1.6195,0.731,0.964,0.415,1.812,1.0,0.802,0.998,0.568,0.568,2.306,2.581
655,1.8718,1.0876,0.611,1.2068,1.3447,1.3447,1.4856,1.6198,0.733,0.964,0.414,1.814,1.0,0.802,0.998,0.568,0.568,2.313,2.581
656,1.8605,1.0836,0.605,1.2033,1.333,1.333,1.4781,1.6204,0.735,0.966,0.413,1.817,1.0,0.802,0.998,0.568,0.568,2.321,2.581
657,1.858,1.0831,0.6036,1.2029,1.3302,1.3302,1.4768,1.6204,0.736,0.966,0.413,1.816,1.0,0.802,0.998,0.568,0.568,2.328,2.581
658,1.858,1.0795,0.608,1.1974,1.3354,1.3354,1.4738,1.6181,0.737,0.966,0.416,1.806,1.0,0.802,0.998,0.568,0.568,2.313,2.581
659,1.8593,1.0812,0.6071,1.1997,1.3351,1.3351,1.4798,1.6216,0.737,0.966,0.414,1.812,1.0,0.802,0.998,0.568,0.568,2.318,2.581
660,1.8591,1.0828,0.6043,1.2024,1.3328,1.3328,1.4827,1.6234,0.737,0.965,0.412,1.818,1.0,0.802,0.998,0.568,0.568,2.328,2.581
661,1.8589,1.0839,0.6044,1.2038,1.3307,1.3307,1.4803,1.6216,0.737,0.966,0.413,1.816,1.0,0.802,0.998,0.568,0.568,2.33,2.581
662,1.8589,1.0783,0.6108,1.1952,1.3386,1.3386,1.4725,1.6207,0.738,0.965,0.416,1.805,1.0,0.802,0.998,0.568,0.568,2.306,2.581
663,1.8545,1.0774,0.606,1.1952,1.3329,1.3329,1.4715,1.619,0.737,0.966,0.415,1.809,1.0,0.802,0.998,0.568,0.568,2.31,2.581
664,1.855,1.0782,0.6061,1.1962,1.3327,1.3327,1.4728,1.6199,0.737,0.966,0.415,1.809,1.0,0.802,0.998,0.568,0.568,2.311,2.581
665,1.8579,1.0821,0.6038,1.2016,1.3318,1.3318,1.482,1.6216,0.737,0.966,0.413,1.815,1.0,0.802,0.998,0.568,0.568,2.324,2.581
666,1.8783,1.0909,0.615,1.2098,1.3504,1.3504,1.4895,1.6214,0.73,0.964,0.415,1.813,1.0,0.802,0.998,0.568,0.568,2.308,2.581
667,1.8607,1.0823,0.6058,1.2014,1.3353,1.3353,1.4792,1.6195,0.736,0.966,0.414,1.813,1.0,0.802,0.998,0.568,0.568,2.313,2.581
668,1.8583,1.0804,0.6057,1.1991,1.3348,1.3348,1.4784,1.6211,0.737,0.966,0.414,1.813,1.0,0.802,0.998,0.568,0.568,2.313,2.581
669,1.8742,1.0891,0.6119,1.2084,1.3463,1.3463,1.4847,1.6205,0.732,0.964,0.414,1.816,1.0,0.802,0.998,0.568,0.568,2.307,2.581
670,1.8684,1.0845,0.6096,1.2032,1.3441,1.3441,1.4856,1.6201,0.734,0.965,0.415,1.812,1.0,0.802,0.998,0.568,0.568,2.306,2.581
671,1.8601,1.0831,0.6052,1.2026,1.3332,1.3332,1.4799,1.6205,0.735,0.966,0.414,1.815,1.0,0.802,0.998,0.568,0.568,2.318,2.581
672,1.8573,1.0784,0.6075,1.1961,1.336,1.336,1.4735,1.6212,0.738,0.966,0.415,1.81,1.0,0.802,0.998,0.568,0.568,2.305,2.581
673,1.8562,1.0769,0.6077,1.1942,1.3363,1.3363,1.4714,1.6198,0.737,0.966,0.416,1.807,1.0,0.802,0.998,0.568,0.568,2.302,2.581
674,1.8565,1.0768,0.6091,1.1937,1.3373,1.3373,1.4736,1.6201,0.737,0.966,0.417,1.805,1.0,0.802,0.998,0.568,0.568,2.303,2.581
675,1.8542,1.0792,0.6045,1.1978,1.3301,1.3301,1.4706,1.6194,0.738,0.966,0.415,1.809,1.0,0.802,0.998,0.568,0.568,2.316,2.581
676,1.8536,1.0792,0.6047,1.1978,1.3295,1.3295,1.4769,1.6225,0.739,0.966,0.415,1.81,1.0,0.802,0.998,0.568,0.568,2.323,2.581
677,1.8552,1.0774,0.6062,1.1952,1.3341,1.3341,1.4708,1.6216,0.739,0.966,0.415,1.81,1.0,0.802,0.998,0.568,0.568,2.305,2.581
678,1.8523,1.0763,0.6066,1.1937,1.3312,1.3312,1.4686,1.6186,0.739,0.966,0.416,1.804,1.0,0.802,0.998,0.568,0.568,2.308,2.581
679,1.86,1.0835,0.606,1.2029,1.3326,1.3326,1.4818,1.6203,0.735,0.965,0.414,1.812,1.0,0.802,0.998,0.568,0.568,2.321,2.581
680,1.8532,1.0778,0.6066,1.1956,1.3303,1.3303,1.4706,1.6185,0.737,0.967,0.416,1.805,1.0,0.802,0.998,0.568,0.568,2.313,2.581
681,1.8513,1.0758,0.6073,1.1929,1.3303,1.3303,1.4672,1.617,0.738,0.966,0.417,1.8,1.0,0.802,0.998,0.568,0.568,2.31,2.581
682,1.8522,1.0767,0.6077,1.194,1.3303,1.3303,1.4696,1.6193,0.738,0.966,0.416,1.804,1.0,0.802,0.998,0.568,0.568,2.311,2.581
683,1.8552,1.0812,0.6047,1.2003,1.3288,1.3288,1.4784,1.6216,0.736,0.966,0.414,1.812,1.0,0.802,0.998,0.568,0.568,2.324,2.581
684,1.8718,1.0878,0.6119,1.2068,1.3447,1.3447,1.4844,1.6197,0.733,0.964,0.415,1.813,1.0,0.802,0.998,0.568,0.568,2.309,2.581
685,1.8587,1.0819,0.6054,1.201,1.3327,1.3327,1.4793,1.6199,0.736,0.966,0.415,1.811,1.0,0.802,0.998,0.568,0.568,2.315,2.581
686,1.8513,1.0759,0.6067,1.1932,1.3302,1.3302,1.4699,1.6187,0.738,0.966,0.417,1.804,1.0,0.802,0.998,0.568,0.568,2.31,2.581
687,1.8505,1.0794,0.6026,1.1987,1.3239,1.3239,1.474,1.6191,0.738,0.966,0.414,1.81,1.0,0.802,0.998,0.568,0.568,2.327,2.581
688,1.8535,1.0804,0.6052,1.1992,1.3275,1.3275,1.4808,1.6227,0.736,0.966,0.414,1.811,1.0,0.802,0.998,0.568,0.568,2.327,2.581
689,1.8488,1.0763,0.6058,1.194,1.3254,1.3254,1.4678,1.6173,0.739,0.966,0.417,1.801,1.0,0.802,0.998,0.568,0.568,2.316,2.581
690,1.8514,1.0777,0.6062,1.1956,1.3277,1.3277,1.4731,1.6205,0.738,0.966,0.416,1.806,1.0,0.802,0.998,0.568,0.568,2.316,2.581
691,1.8489,1.0759,0.6071,1.1931,1.3262,1.3262,1.4684,1.6179,0.739,0.966,0.417,1.801,1.0,0.802,0.998,0.568,0.568,2.312,2.581
692,1.8485,1.0745,0.6068,1.1914,1.3277,1.3277,1.4658,1.6182,0.74,0.966,0.417,1.8,1.0,0.802,0.998,0.568,0.568,2.308,2.581
